,NPS_Score,NPS_Category,Timely_delivery,No_of_calls_in_an_Order,Loyalty_Years,C_Marital_Status,Tier_City,Mode_of_Payment,No_of_Items_in_Order,Gender,Order_Mode,Score_on_Food_Quality,Score_on_Order_Logistics,Menu_Presentation_Score,Score_on_Recommendations,Score_on_Delivery_Person_Friendliness,labels
0,1,0,0,4,5,0,0,0,7,1,0,2,5,4,8,5,0
1,7,1,0,4,6,1,1,3,5,0,2,8,10,6,4,3,0
2,0,0,0,4,7,0,2,1,1,1,0,4,2,7,8,2,0
3,0,0,0,4,1,1,0,2,1,0,0,9,3,4,10,5,0
4,4,0,0,4,10,0,1,0,6,1,0,7,1,6,7,4,0
5,10,2,0,4,7,0,0,3,8,0,2,10,6,4,2,10,1
6,0,0,0,4,3,0,0,1,7,1,0,9,4,3,3,1,0
7,1,0,0,4,7,1,1,2,4,0,0,9,1,5,10,2,0
8,6,0,0,4,7,0,2,0,4,1,0,5,5,10,1,1,0
9,9,2,0,4,5,0,2,3,10,0,2,7,10,7,7,8,1
10,4,0,0,4,9,0,1,1,4,1,0,10,1,1,1,6,1
11,8,1,1,4,1,1,2,2,7,0,0,6,2,1,7,3,0
12,2,0,0,4,4,0,0,0,3,1,0,9,3,6,6,3,0
13,7,1,0,4,9,1,1,3,1,0,2,9,3,9,8,7,1
14,6,0,0,4,3,0,2,1,7,1,0,7,8,5,2,9,1
15,6,0,0,4,10,1,0,2,3,0,0,10,5,8,5,4,0
16,6,0,0,4,3,0,1,0,5,1,0,10,2,6,10,4,0
17,2,0,0,4,5,1,2,3,4,0,0,4,4,10,4,8,0
18,4,0,0,4,4,0,0,1,4,1,0,10,2,7,6,4,0
19,3,0,0,4,4,1,1,2,5,0,0,10,9,8,8,3,0
20,8,1,1,4,8,0,2,0,4,1,0,4,7,6,6,6,1
21,0,0,1,4,10,1,0,3,4,0,1,10,9,5,1,6,0
22,5,0,1,4,2,0,1,1,1,1,1,10,1,3,9,4,0
23,10,2,0,4,7,0,0,2,10,0,1,10,9,5,4,8,1
24,0,0,1,4,1,0,0,0,2,1,1,9,10,5,3,3,0
25,1,0,1,4,3,1,1,3,6,0,1,9,7,5,4,4,0
26,1,0,0,4,10,0,2,1,4,1,0,5,6,2,1,2,0
27,9,2,0,4,5,0,0,2,10,0,2,10,5,10,5,10,1
28,10,2,1,4,4,0,0,0,9,1,2,9,2,7,5,9,1
29,6,0,0,4,1,1,2,3,6,0,0,8,4,7,1,4,0
30,4,0,1,4,2,0,0,1,2,1,1,10,8,4,2,5,0
31,7,1,0,4,6,1,1,2,4,0,2,9,7,7,8,10,1
32,3,0,0,4,4,0,2,0,3,1,0,7,2,4,2,4,0
33,7,1,0,4,4,1,0,3,3,0,1,10,6,7,10,10,1
34,8,1,1,4,1,0,1,1,4,1,2,10,9,9,4,2,0
35,4,0,0,4,10,1,2,2,4,0,0,4,6,2,3,1,0
36,3,0,1,4,3,0,0,0,5,1,1,10,3,8,1,3,0
37,6,0,1,4,9,1,1,3,1,0,1,9,5,3,7,4,0
38,7,1,0,4,1,0,2,1,5,1,0,5,9,5,7,8,0
39,5,0,1,4,8,1,0,2,3,0,0,10,8,10,5,4,0
40,7,1,1,4,7,0,1,0,4,1,2,10,6,3,4,5,0
41,10,2,0,4,7,0,0,3,5,0,2,9,3,3,1,10,1
42,8,1,1,4,1,0,0,1,3,1,1,9,3,1,7,6,0
43,0,0,1,4,8,1,1,2,2,0,0,10,2,6,10,4,0
44,7,1,0,4,9,0,2,0,4,1,0,6,9,6,3,1,0
45,6,0,1,4,5,1,0,3,1,0,0,10,3,8,3,3,0
46,7,1,1,4,3,0,1,1,7,1,2,9,5,1,8,3,0
47,7,1,0,4,8,1,2,2,5,0,0,7,9,4,2,1,0
48,1,0,0,4,8,0,0,0,1,1,0,10,7,9,3,2,0
49,8,1,0,4,3,1,1,3,4,0,2,9,10,4,5,7,1
50,7,1,0,4,3,0,2,1,1,1,0,4,1,2,8,7,0
51,0,0,0,4,6,1,0,2,4,0,0,9,6,4,8,5,0
52,1,0,0,4,5,0,1,0,1,1,0,9,1,3,4,4,0
53,1,0,1,4,5,1,2,3,6,0,0,6,9,1,7,9,0
54,6,0,0,4,2,0,0,1,6,1,0,9,1,1,5,5,0
55,10,2,0,4,6,1,0,2,9,0,2,10,8,2,5,9,1
56,1,0,0,4,8,0,2,0,4,1,0,8,7,7,6,7,0
57,5,0,1,4,3,1,0,3,1,0,2,10,9,9,7,6,0
58,10,2,1,4,3,0,1,1,8,1,1,9,4,6,1,10,1
59,7,1,1,4,10,1,2,2,6,0,0,8,6,6,8,1,0
60,1,0,1,4,8,0,0,0,1,1,2,9,4,3,10,2,0
61,8,1,0,4,4,1,1,3,3,0,2,10,2,2,4,1,0
62,7,1,0,4,2,0,2,1,7,1,0,5,8,2,3,2,0
63,5,0,1,4,2,1,0,2,5,0,2,10,4,6,3,2,0
64,5,0,1,4,4,0,1,0,1,1,2,9,3,1,9,5,0
65,7,1,0,4,8,1,2,3,1,0,0,7,7,7,2,1,0
66,0,0,1,4,2,0,0,1,1,1,2,9,3,8,10,4,0
67,4,0,1,4,3,1,1,2,3,0,2,9,4,6,6,1,0
68,10,2,1,4,2,0,0,0,10,1,2,10,10,3,6,10,1
69,9,2,0,4,7,0,0,3,7,0,2,10,1,5,5,7,1
70,9,2,1,4,7,0,0,1,5,1,2,10,8,1,7,7,1
71,1,0,0,4,10,1,2,2,7,0,0,6,1,7,9,4,0
72,1,0,1,4,1,0,1,0,6,1,2,10,6,2,5,7,0
73,6,0,1,4,5,1,1,3,1,0,2,9,6,3,4,1,0
74,10,2,1,4,4,0,0,1,9,1,2,10,6,6,2,8,1
75,2,0,1,4,4,1,0,2,4,0,2,9,5,1,6,5,0
76,0,0,1,4,9,0,1,0,7,1,2,9,6,4,7,1,0
77,8,1,1,4,2,1,2,3,1,0,0,5,6,6,5,6,0
78,4,0,1,4,5,0,0,1,2,1,2,10,9,9,4,4,0
79,5,0,1,4,8,1,1,2,7,0,2,9,2,6,3,1,0
80,8,1,1,4,7,0,2,0,6,1,0,4,3,9,1,8,1
81,3,0,1,4,9,1,0,3,7,0,2,9,8,3,6,6,0
82,2,0,1,4,5,0,1,1,1,1,2,10,4,5,2,3,0
83,7,1,0,4,4,1,2,2,2,0,0,5,8,5,1,1,0
84,2,0,1,4,9,0,0,0,3,1,2,9,4,8,2,1,0
85,1,0,1,4,3,1,1,3,6,0,2,10,8,10,10,1,0
86,9,2,0,4,8,0,2,1,2,1,0,7,7,4,10,7,0
87,1,0,0,4,6,0,0,2,10,0,1,9,9,2,8,10,0
88,7,1,1,4,6,0,1,0,5,1,2,9,2,9,3,5,0
89,7,1,0,4,10,1,2,3,3,0,0,6,5,2,4,2,1
90,6,0,1,4,3,0,0,1,3,1,2,9,1,3,3,6,0
91,5,0,1,4,3,1,1,2,7,0,2,10,1,9,3,3,0
92,7,1,0,4,5,0,2,0,4,1,0,4,1,4,8,1,0
93,3,0,1,4,9,1,0,3,1,0,2,10,6,4,6,1,0
94,1,0,1,4,4,0,1,1,7,1,2,9,7,6,2,6,0
95,7,1,1,4,4,1,2,2,1,0,0,7,1,6,2,6,0
96,10,2,1,4,3,0,1,0,10,1,2,9,10,2,2,9,1
97,2,0,1,4,8,1,1,3,1,0,2,10,8,6,10,6,0
98,7,1,0,4,5,0,2,1,2,1,0,4,6,4,4,1,0
99,9,2,0,4,5,0,0,2,6,0,2,10,4,6,10,10,1
100,5,0,1,4,2,0,1,0,3,1,2,10,6,3,5,5,0
101,1,0,0,4,6,1,2,3,2,0,0,4,10,5,4,4,0
102,4,0,1,4,4,0,0,1,3,1,2,10,7,6,3,1,0
103,1,0,1,4,7,1,1,2,5,0,2,9,9,5,8,3,0
104,7,1,0,4,8,0,2,0,1,1,0,8,5,3,10,3,0
105,9,2,0,4,5,0,0,3,10,0,2,9,1,9,5,7,1
106,6,0,1,4,1,0,1,1,1,1,2,10,3,10,4,3,0
107,10,2,0,4,5,0,0,2,7,0,2,10,8,10,9,9,1
108,8,1,1,4,8,0,0,0,1,1,1,10,9,4,3,3,0
109,6,0,1,4,8,1,1,3,7,0,2,9,3,7,1,2,0
110,10,2,1,4,7,0,0,1,6,1,1,10,4,5,7,9,1
111,9,2,0,4,7,0,0,2,6,0,2,10,4,1,10,10,1
112,0,0,1,4,10,0,1,0,2,1,2,9,4,10,10,6,0
113,7,1,0,4,2,1,2,3,4,0,0,5,8,8,1,7,0
114,4,0,1,4,8,0,0,1,4,1,2,10,2,7,7,5,0
115,2,0,1,4,9,1,1,2,3,0,2,9,1,4,8,1,0
116,7,1,0,4,2,0,2,0,4,1,0,7,8,3,3,10,0
117,10,2,0,4,7,0,0,3,7,0,2,10,8,8,2,9,1
118,9,2,1,4,5,0,0,1,8,1,2,10,7,10,3,10,1
119,7,1,1,4,6,1,2,2,2,0,0,7,9,5,5,1,0
120,8,1,1,4,7,0,0,0,5,1,1,10,8,6,5,9,1
121,10,2,0,4,6,0,0,3,5,0,2,9,9,7,7,9,1
122,10,2,1,4,9,0,0,1,6,1,2,9,2,8,10,10,1
123,4,0,1,4,8,1,0,2,6,0,2,10,6,10,3,2,0
124,0,0,1,4,7,0,1,0,6,1,2,9,1,1,3,6,0
125,1,0,0,4,1,1,2,3,7,0,0,4,8,9,2,3,0
126,0,0,1,4,9,0,0,1,3,1,2,10,6,6,8,5,0
127,9,2,0,4,7,1,0,2,6,0,1,9,7,3,6,9,1
128,10,2,1,4,6,0,0,0,7,1,2,9,8,5,2,7,1
129,10,2,0,4,6,0,0,3,9,0,2,9,7,6,7,9,1
130,0,0,1,4,7,0,1,1,5,1,2,9,2,10,7,6,0
131,7,1,0,4,8,1,2,2,4,0,0,4,8,5,1,9,1
132,1,0,1,4,4,0,0,0,3,1,2,9,4,1,9,4,0
133,5,0,1,4,10,1,1,3,6,0,2,10,9,3,9,2,0
134,8,1,1,4,4,0,2,1,2,1,0,5,8,5,3,1,0
135,7,1,0,4,10,1,0,2,6,0,1,9,3,1,10,10,1
136,2,0,1,4,4,0,1,0,7,1,2,9,7,3,6,2,0
137,9,2,0,4,7,0,0,3,9,0,2,10,10,8,5,10,1
138,9,2,1,4,4,0,0,1,10,1,2,10,9,9,10,10,1
139,6,0,1,4,1,1,1,2,2,0,2,9,3,1,8,2,0
140,10,2,1,4,1,0,0,0,8,1,1,10,6,5,5,7,1
141,7,1,0,4,7,1,0,3,2,0,1,9,9,2,10,3,0
142,4,0,1,4,10,0,1,1,4,1,2,9,3,8,5,2,0
143,7,1,0,4,5,1,2,2,7,0,0,8,9,4,1,9,1
144,0,0,1,4,2,0,0,0,1,1,2,9,5,9,5,5,0
145,3,0,1,4,4,1,1,3,2,0,2,9,10,4,3,6,0
146,10,2,1,4,7,0,0,1,6,1,2,10,2,2,6,10,1
147,10,2,0,4,5,0,0,2,5,0,2,9,9,9,1,8,1
148,2,0,1,4,3,0,1,0,1,1,2,10,5,7,10,3,0
149,7,1,0,4,6,1,2,3,6,0,0,6,6,9,9,1,0
150,2,0,1,4,6,0,0,1,5,1,2,9,4,4,2,6,0
151,1,0,1,4,4,1,1,2,7,0,2,10,3,10,1,4,0
152,10,2,1,4,8,0,0,0,9,1,2,9,6,2,5,7,1
153,5,0,1,4,10,1,0,3,5,0,2,9,7,5,10,5,0
154,6,0,1,4,2,0,1,1,5,1,2,9,2,10,9,1,0
155,7,1,0,4,4,1,2,2,1,0,0,5,2,7,3,4,0
156,10,2,1,4,8,0,0,0,5,1,1,9,10,6,7,10,1
157,3,0,1,4,2,1,1,3,4,0,2,9,5,8,3,1,0
158,7,1,1,4,10,0,2,1,6,1,0,4,8,2,7,5,0
159,2,0,1,4,8,1,0,2,1,0,2,10,2,4,9,4,0
160,2,0,1,4,10,0,1,0,7,1,2,10,8,7,3,4,0
161,7,1,1,4,8,1,2,3,6,0,0,5,3,8,10,2,0
162,1,0,1,4,8,0,0,1,5,1,2,10,9,6,8,5,0
163,6,0,1,4,3,1,1,2,2,0,2,9,1,6,5,2,0
164,7,1,0,4,10,0,2,0,4,1,0,7,5,4,6,5,0
165,5,0,1,4,1,1,0,3,5,0,2,9,9,3,3,5,0
166,2,0,1,4,7,0,1,1,7,1,2,10,1,7,2,6,0
167,7,1,0,4,5,1,2,2,6,0,0,4,3,3,2,4,1
168,0,0,1,4,4,0,0,0,5,1,2,9,7,1,10,2,0
169,6,0,1,4,8,1,1,3,7,0,2,10,10,4,7,3,0
170,10,2,1,4,3,0,0,1,5,1,2,10,5,8,7,7,0
171,7,1,0,4,2,1,0,2,4,0,1,10,2,6,7,10,0
172,0,0,1,4,1,0,1,0,2,1,2,10,4,1,2,4,0
173,7,1,0,4,1,1,2,3,1,0,0,6,6,8,9,4,0
174,6,0,1,4,6,0,0,1,1,1,2,10,3,8,10,2,0
175,5,0,1,4,2,1,1,2,2,0,2,9,3,2,4,6,0
176,7,1,0,4,10,0,2,0,6,1,0,6,4,3,2,8,0
177,1,0,1,4,4,1,0,3,1,0,2,10,3,1,3,4,0
178,9,2,1,4,2,0,0,1,5,1,2,10,9,8,2,8,1
179,7,1,0,4,2,1,2,2,3,0,0,8,8,2,4,2,0
180,1,0,1,4,4,0,0,0,3,1,2,10,6,9,6,4,0
181,2,0,1,4,2,1,1,3,1,0,2,10,10,1,4,4,0
182,7,1,0,4,8,0,2,1,3,1,0,8,4,6,1,7,1
183,8,1,0,4,8,1,0,2,1,0,1,10,4,9,5,2,0
184,7,1,1,4,5,0,1,0,5,1,2,10,9,6,2,7,0
185,7,1,0,4,7,1,2,3,7,0,0,4,1,4,6,8,1
186,2,0,1,4,5,0,0,1,3,1,2,10,2,7,8,1,0
187,10,2,0,4,5,0,0,2,9,0,2,9,8,9,9,9,1
188,7,1,0,4,7,0,2,0,3,1,0,4,6,2,8,1,0
189,1,0,1,4,3,1,0,3,2,0,2,10,8,9,3,5,0
190,2,0,1,4,1,0,1,1,5,1,2,10,4,1,9,2,0
191,9,2,0,4,7,0,0,2,5,0,2,10,10,9,3,10,1
192,1,0,1,4,5,0,0,0,7,1,2,10,5,7,3,3,0
193,7,1,0,4,6,1,1,3,6,0,2,10,10,9,2,3,0
194,9,2,0,4,3,0,2,1,7,1,0,4,8,3,3,5,0
195,5,0,1,4,1,1,0,2,4,0,2,10,9,10,2,3,0
196,9,2,1,4,6,0,0,0,10,1,0,10,9,5,7,9,1
197,8,1,1,4,2,1,2,3,2,0,0,7,9,6,3,9,0
198,4,0,1,4,8,0,0,1,1,1,2,9,5,5,4,6,0
199,10,2,0,4,5,0,0,2,5,0,2,10,2,9,2,8,1
200,7,1,0,4,6,0,2,0,2,1,0,7,5,2,7,5,0
201,0,0,1,4,3,1,0,3,6,0,2,10,7,9,10,3,0
202,5,0,1,4,10,0,1,1,3,1,2,9,9,1,7,1,0
203,8,1,1,4,7,1,2,2,6,0,0,8,5,7,1,8,1
204,5,0,1,4,1,0,0,0,4,1,2,9,5,3,1,2,0
205,4,0,1,4,9,1,1,3,3,0,2,10,1,1,7,3,0
206,7,1,0,4,6,0,2,1,4,1,0,4,5,8,10,6,0
207,10,2,0,4,5,0,0,2,7,0,2,10,2,5,4,9,1
208,9,2,1,4,3,0,0,0,8,1,2,10,5,5,7,7,1
209,7,1,0,4,3,1,2,3,3,0,0,7,8,10,3,3,0
210,3,0,1,4,1,0,0,1,1,1,2,10,9,5,5,5,0
211,5,0,1,4,8,1,1,2,1,0,2,9,4,8,2,1,0
212,7,1,0,4,6,0,2,0,1,1,0,5,9,4,3,7,0
213,9,2,0,4,7,0,0,3,10,0,2,9,5,10,3,9,1
214,3,0,1,4,3,0,1,1,3,1,2,9,4,10,1,2,0
215,7,1,0,4,1,1,2,2,3,0,0,8,5,9,7,8,0
216,3,0,1,4,1,0,0,0,6,1,2,10,3,8,1,1,0
217,10,2,1,4,5,0,0,3,9,0,0,9,1,7,10,7,1
218,8,1,1,4,5,0,2,1,2,1,0,6,6,4,4,6,0
219,5,0,1,4,6,1,0,2,6,0,2,10,8,4,3,6,0
220,4,0,1,4,10,0,1,0,4,1,2,9,8,10,2,5,0
221,7,1,0,4,7,1,2,3,1,0,0,6,1,3,10,3,0
222,1,0,1,4,8,0,0,1,1,1,2,9,7,8,5,2,0
223,5,0,1,4,1,1,1,2,5,0,2,10,7,5,2,5,0
224,7,1,0,4,7,0,2,0,1,1,0,4,6,4,2,2,0
225,4,0,1,4,7,1,0,3,5,0,2,9,2,6,4,4,0
226,1,0,1,4,4,0,1,1,1,1,2,10,7,5,7,3,0
227,7,1,0,4,1,1,2,2,4,0,0,5,7,3,3,9,0
228,7,1,1,4,7,0,0,0,4,1,1,9,5,4,8,10,1
229,5,0,1,4,3,1,1,3,1,0,2,10,2,4,9,4,0
230,7,1,1,4,2,0,2,1,1,1,0,6,7,8,2,4,0
231,2,0,1,4,2,1,0,2,2,0,2,10,1,6,5,5,0
232,8,1,1,4,9,0,1,0,7,1,2,10,2,2,5,2,0
233,9,2,0,4,6,0,0,3,9,0,2,9,10,5,8,7,1
234,10,2,1,4,4,0,2,1,6,1,2,8,5,5,3,9,1
235,4,0,1,4,3,1,1,2,4,0,2,10,7,4,7,2,0
236,7,1,0,4,1,0,2,0,4,1,0,5,2,2,10,2,0
237,1,0,1,4,1,1,0,3,7,0,2,9,5,9,4,5,0
238,9,2,1,4,7,0,0,1,10,1,2,9,8,1,5,8,1
239,7,1,0,4,5,1,2,2,7,0,0,4,4,2,6,9,1
240,10,2,1,4,9,0,0,0,6,1,0,10,2,4,4,10,1
241,6,0,1,4,7,1,1,3,1,0,2,10,1,4,5,3,0
242,10,2,1,4,2,0,0,1,8,1,2,10,3,6,2,9,1
243,1,0,1,4,9,1,0,2,6,0,2,10,7,10,3,5,0
244,7,1,1,4,3,0,1,0,1,1,2,9,3,2,10,10,0
245,8,1,1,4,8,1,2,3,3,0,0,5,5,6,5,2,0
246,8,1,1,4,2,0,0,1,6,1,1,10,2,1,8,4,0
247,8,1,0,4,7,1,1,2,7,0,2,10,2,9,3,10,1
248,7,1,0,4,4,0,2,0,2,1,0,5,7,5,4,6,0
249,8,1,0,4,9,1,0,3,3,0,1,10,9,9,5,8,1
250,3,0,1,4,3,0,1,1,3,1,2,10,2,5,5,2,0
251,7,1,0,4,5,1,2,2,2,0,0,6,9,4,6,5,0
252,10,2,1,4,3,0,0,0,5,1,2,9,9,2,10,8,0
253,4,0,1,4,10,1,1,3,5,0,2,9,6,2,10,4,0
254,9,2,1,4,9,0,0,1,10,1,2,9,3,6,10,9,1
255,7,1,0,4,3,1,0,2,7,0,1,9,7,4,1,6,0
256,8,1,1,4,4,0,1,0,4,1,2,9,10,1,4,6,1
257,7,1,0,4,8,1,2,3,6,0,0,7,7,1,10,3,0
258,3,0,1,4,3,0,0,1,7,1,0,10,4,8,2,3,0
259,4,0,1,4,7,1,1,2,3,0,0,10,8,5,8,6,0
260,7,1,0,4,6,0,2,0,7,1,0,8,4,6,2,7,1
261,6,0,1,4,9,1,0,3,3,0,0,10,9,5,6,4,0
262,2,0,1,4,5,0,1,1,4,1,0,9,6,9,5,1,0
263,7,1,0,4,2,1,2,2,5,0,0,8,10,6,7,4,0
264,8,1,1,4,7,0,0,0,7,1,1,10,4,9,1,5,0
265,10,2,1,4,7,0,0,3,7,0,0,9,9,9,1,10,1
266,10,2,1,4,6,0,0,1,6,1,2,10,9,3,5,9,1
267,7,1,0,4,4,1,0,2,6,0,1,10,3,3,6,2,0
268,9,2,1,4,3,0,0,0,7,1,2,10,1,10,6,7,1
269,7,1,0,4,3,1,2,3,3,0,0,4,4,3,1,4,0
270,6,0,1,4,9,0,0,1,2,1,0,9,6,3,6,1,0
271,8,1,0,4,9,1,1,2,6,0,2,10,7,1,1,1,0
272,7,1,0,4,3,0,2,0,2,1,0,6,5,4,3,9,0
273,6,0,1,4,2,1,0,3,5,0,0,9,9,8,7,5,0
274,8,1,1,4,3,0,1,1,1,1,2,10,3,10,2,3,0
275,7,1,1,4,6,1,2,2,3,0,0,8,3,2,6,3,0
276,3,0,0,4,7,0,0,0,7,1,0,9,1,10,5,1,0
277,7,1,0,4,8,1,1,3,4,0,2,9,8,2,7,2,0
278,7,1,0,4,3,0,2,1,4,1,0,8,9,6,4,4,0
279,5,0,0,4,2,1,0,2,3,0,0,9,7,8,2,1,0
280,1,0,0,4,8,0,1,0,5,1,0,10,4,3,1,6,0
281,7,1,0,4,2,1,2,3,4,0,0,4,4,6,6,7,0
282,7,1,1,4,2,0,0,1,7,1,1,10,7,3,4,5,0
283,0,0,0,4,2,1,1,2,2,0,0,10,7,6,10,3,0
284,8,1,1,4,2,0,2,0,7,1,0,7,4,7,10,4,0
285,5,0,0,4,4,1,0,3,2,0,0,10,10,9,3,2,0
286,6,0,0,4,3,0,1,1,1,1,0,9,4,4,8,3,0
287,7,1,0,4,8,1,2,2,5,0,0,7,2,10,6,4,0
288,0,0,0,4,4,0,0,0,5,1,0,9,1,7,5,4,0
289,8,1,0,4,1,1,1,3,6,0,2,9,2,2,10,1,0
290,9,2,1,4,4,0,2,1,5,1,0,7,10,3,2,9,1
291,5,0,0,4,9,1,0,2,5,0,0,9,3,10,8,3,0
292,2,0,0,4,1,0,1,0,6,1,0,9,7,7,3,1,0
293,7,1,0,4,10,1,2,3,1,0,0,5,7,5,8,10,1
294,5,0,0,4,10,0,0,1,4,1,0,10,10,5,7,2,0
295,0,0,0,4,8,1,1,2,3,0,0,9,9,2,8,4,0
296,7,1,1,4,1,0,2,0,2,1,0,7,1,8,3,6,0
297,0,0,0,4,6,1,0,3,1,0,0,6,5,10,2,3,0
298,8,1,1,4,9,0,1,1,1,1,2,9,4,9,5,2,0
299,8,1,0,4,2,1,2,2,1,0,0,8,8,6,4,8,0
300,4,0,0,4,5,0,0,0,1,1,0,10,8,9,6,6,0
301,1,0,0,4,10,1,1,3,5,0,0,7,9,4,6,5,0
302,7,1,0,4,5,0,2,1,1,1,0,8,1,8,8,10,1
303,4,0,0,4,5,1,0,2,3,0,0,6,6,7,10,3,0
304,8,1,1,4,9,0,1,0,6,1,2,8,8,5,3,1,0
305,7,1,0,4,7,1,2,3,3,0,0,5,7,5,9,6,0
306,0,0,0,4,7,0,0,1,7,1,0,4,10,10,7,6,0
307,6,0,0,4,1,1,1,2,1,0,0,9,10,4,4,4,0
308,7,1,0,4,6,0,2,0,6,1,0,5,3,8,9,10,1
309,3,0,0,4,7,1,0,3,6,0,0,8,2,3,10,3,0
310,0,0,0,4,9,0,1,1,3,1,0,2,10,8,8,3,0
311,7,1,0,4,8,1,2,2,2,0,0,5,1,3,4,8,1
312,7,1,1,4,6,0,0,0,3,1,1,5,2,10,7,3,1
313,1,0,0,4,2,1,1,3,3,0,0,9,5,6,9,3,0
314,7,1,1,4,6,0,2,1,1,1,0,4,9,4,8,7,0
315,2,0,0,4,8,1,0,2,4,0,0,8,5,3,1,2,0
316,7,1,1,4,3,0,1,0,2,1,2,8,4,9,7,3,0
317,10,2,1,4,5,0,0,3,5,0,0,3,1,2,6,7,1
318,7,1,1,4,9,0,0,1,6,1,1,10,1,5,9,1,0
319,3,0,0,4,1,1,1,2,1,0,0,9,6,10,6,6,0
320,8,1,1,4,4,0,2,0,3,1,0,8,5,9,2,4,0
321,10,2,0,4,5,0,0,3,6,0,2,4,3,3,5,8,1
322,0,0,0,4,8,0,1,1,7,1,0,6,5,2,7,2,0
323,7,1,0,4,3,1,2,2,1,0,0,4,3,3,8,3,0
324,9,2,1,4,5,0,0,0,10,1,2,2,9,7,4,10,1
325,10,2,0,4,7,0,0,3,9,0,2,3,4,10,5,9,1
326,7,1,0,4,6,0,2,1,7,1,0,7,2,5,1,4,0
327,5,0,0,4,9,1,0,2,4,0,0,3,3,4,1,5,0
328,8,1,1,4,2,0,1,0,1,1,2,9,5,7,6,10,0
329,8,1,0,4,1,1,2,3,1,0,0,8,7,6,5,5,0
330,5,0,1,4,8,0,0,1,2,1,0,10,2,3,4,1,0
331,4,0,1,4,3,1,1,2,6,0,0,4,1,2,6,4,0
332,7,1,0,4,4,0,2,0,4,1,0,5,10,5,5,10,0
333,0,0,0,4,3,1,0,3,1,0,0,5,9,2,4,2,0
334,0,0,0,4,5,0,1,1,2,1,0,3,9,4,6,2,0
335,7,1,0,4,8,1,2,2,6,0,0,7,4,10,5,1,0
336,9,2,1,4,4,0,0,0,5,1,2,6,1,10,8,10,1
337,5,0,0,4,9,1,1,3,5,0,0,2,10,5,10,1,0
338,9,2,0,4,10,0,2,1,7,1,0,6,10,3,9,5,0
339,4,0,0,4,5,1,0,2,2,0,0,7,2,5,5,6,0
340,6,0,0,4,1,0,1,0,5,1,0,9,7,9,10,2,0
341,7,1,0,4,4,1,2,3,6,0,0,6,4,8,5,7,1
342,10,2,1,4,10,0,0,1,8,1,2,1,10,9,3,8,1
343,9,2,0,4,6,0,0,2,8,0,2,6,9,2,9,10,1
344,10,2,1,4,5,0,0,0,9,1,2,5,7,6,3,8,1
345,7,1,0,4,9,1,0,3,2,0,1,9,9,6,8,2,0
346,1,0,0,4,4,0,1,1,4,1,0,10,3,10,9,6,0
347,7,1,0,4,6,1,2,2,3,0,0,6,8,2,5,8,0
348,2,0,0,4,3,0,0,0,2,1,0,4,1,5,9,5,0
349,4,0,0,4,8,1,1,3,3,0,0,1,9,10,3,2,0
350,10,2,1,4,9,0,0,1,7,1,2,5,10,7,6,10,1
351,6,0,0,4,5,1,0,2,5,0,0,9,8,7,3,5,0
352,2,0,0,4,6,0,1,0,5,1,0,9,9,10,3,4,0
353,10,2,0,4,7,0,0,3,6,0,2,8,10,8,6,7,1
354,6,0,0,4,5,0,0,1,2,1,0,7,5,10,5,3,0
355,10,2,0,4,5,0,0,2,5,0,2,10,9,3,6,7,1
356,7,1,0,4,5,0,2,0,6,1,0,5,1,9,1,6,0
357,4,0,0,4,6,1,0,3,4,0,0,1,6,9,3,5,0
358,2,0,0,4,9,0,1,1,2,1,0,4,5,7,1,3,0
359,7,1,0,4,2,1,2,2,4,0,0,7,1,7,5,8,0
360,0,0,0,4,10,0,0,0,2,1,0,8,5,5,1,4,0
361,6,0,0,4,10,1,1,3,1,0,0,9,10,5,5,4,0
362,9,2,0,4,3,0,2,1,6,1,0,7,4,8,8,5,0
363,4,0,0,4,2,1,0,2,2,0,0,3,7,4,2,1,0
364,10,2,1,4,2,0,0,0,8,1,2,8,2,2,5,10,1
365,7,1,0,4,6,1,2,3,4,0,0,5,1,6,2,6,1
366,8,1,1,4,3,0,0,1,7,1,1,7,4,1,7,3,0
367,8,1,0,4,2,1,1,2,7,0,2,1,9,5,7,6,0
368,10,2,1,4,1,0,0,0,9,1,2,2,7,8,3,7,1
369,2,0,0,4,8,1,0,3,1,0,0,2,8,4,9,3,0
370,3,0,0,4,7,0,1,1,2,1,0,4,5,1,1,6,0
371,7,1,0,4,9,1,2,2,2,0,0,5,3,3,9,4,0
372,7,1,1,4,4,0,0,0,5,1,1,3,3,2,6,1,0
373,4,0,0,4,7,1,1,3,4,0,0,8,9,4,4,5,0
374,9,2,0,4,2,0,2,1,2,1,0,7,2,9,10,8,0
375,1,0,0,4,5,1,0,2,6,0,0,3,1,5,9,3,0
376,6,0,0,4,9,0,1,0,2,1,0,2,8,9,3,2,0
377,7,1,0,4,5,1,2,3,5,0,0,4,9,2,9,8,1
378,1,0,0,4,7,0,0,1,1,1,0,4,9,10,8,6,0
379,5,0,0,4,10,1,1,2,6,0,0,3,10,8,3,2,0
380,9,2,1,4,3,0,0,0,8,1,2,9,9,1,7,10,1
381,9,2,0,4,7,0,0,3,6,0,2,10,1,6,6,10,1
382,10,2,1,4,10,0,0,1,8,1,2,9,8,8,1,8,1
383,7,1,0,4,3,1,2,2,1,0,0,5,8,2,4,7,0
384,1,0,0,4,8,0,0,0,3,1,0,1,10,7,6,6,0
385,5,0,0,4,4,1,1,3,2,0,0,9,3,10,3,1,0
386,9,2,0,4,5,0,2,1,1,1,0,8,9,8,1,6,0
387,8,1,0,4,10,1,0,2,7,0,1,4,9,9,6,5,0
388,1,0,0,4,7,0,1,0,6,1,0,3,9,8,6,1,0
389,7,1,0,4,9,1,2,3,2,0,0,8,3,7,3,6,1
390,0,0,0,4,4,0,0,1,5,1,0,3,1,5,7,6,0
391,8,1,0,4,4,1,1,2,7,0,2,6,7,2,3,2,0
392,7,1,0,4,10,0,2,0,7,1,0,5,6,8,5,7,1
393,2,0,0,4,2,1,0,3,5,0,0,3,3,7,3,5,0
394,1,0,0,4,8,0,1,1,4,1,0,6,1,5,8,2,0
395,8,1,1,4,10,1,2,2,2,0,0,6,9,6,3,2,0
396,6,0,0,4,7,0,0,0,4,1,0,8,4,6,7,2,0
397,4,0,0,4,5,1,1,3,3,0,0,6,3,6,8,5,0
398,9,2,1,4,10,0,2,1,6,1,0,5,10,4,9,1,0
399,8,1,0,4,5,1,0,2,4,0,1,9,8,4,10,4,0
400,7,1,1,4,3,0,1,0,1,1,2,4,1,6,9,8,0
401,7,1,1,4,8,1,2,3,6,0,0,8,8,5,7,8,1
402,0,0,0,4,4,0,0,1,1,1,0,2,1,8,8,3,0
403,1,0,0,4,7,1,1,2,7,0,0,6,10,3,7,4,0
404,9,2,1,4,8,0,0,0,9,1,2,10,7,5,7,10,1
405,6,0,0,4,8,1,0,3,7,0,0,5,4,5,5,4,0
406,1,0,0,4,4,0,1,1,4,1,0,6,9,4,1,6,0
407,7,1,0,4,1,1,2,2,7,0,0,7,10,8,9,6,0
408,6,0,0,4,8,0,0,0,1,1,0,6,6,3,1,4,0
409,4,0,0,4,1,1,1,3,3,0,0,8,4,2,7,3,0
410,9,2,0,4,10,0,2,1,7,1,0,5,4,3,1,6,0
411,10,2,0,4,7,0,0,2,8,0,2,6,3,1,3,10,1
412,7,1,1,4,9,0,1,0,7,1,2,10,5,1,9,6,0
413,7,1,0,4,1,1,2,3,1,0,0,7,4,7,2,7,0
414,6,0,0,4,7,0,0,1,5,1,0,2,8,6,3,4,0
415,6,0,0,4,2,1,1,2,6,0,0,5,5,3,9,3,0
416,10,2,1,4,8,0,0,0,8,1,2,1,1,1,9,9,1
417,1,0,0,4,4,1,0,3,1,0,0,5,4,5,3,1,0
418,4,0,0,4,1,0,1,1,7,1,0,10,9,4,2,4,0
419,7,1,0,4,4,1,2,2,6,0,0,5,9,2,7,4,0
420,9,2,1,4,2,0,0,0,6,1,2,5,4,9,8,7,0
421,3,0,0,4,8,1,1,3,6,0,0,4,7,1,3,1,0
422,9,2,0,4,9,0,2,1,6,1,0,8,9,8,6,1,0
423,4,0,0,4,7,1,0,2,7,0,0,1,5,7,6,1,0
424,9,2,1,4,10,0,0,0,9,1,2,4,2,5,4,8,1
425,10,2,0,4,6,0,0,3,6,0,2,7,7,6,9,7,1
426,2,0,0,4,3,0,0,1,2,1,0,3,6,9,6,4,0
427,1,0,0,4,10,1,1,2,5,0,0,7,6,2,1,5,0
428,9,2,1,4,10,0,0,0,5,1,2,5,10,6,6,7,1
429,7,1,0,4,7,1,0,3,7,0,1,7,9,2,3,7,1
430,6,0,0,4,5,0,1,1,2,1,0,6,7,2,1,4,0
431,7,1,0,4,10,1,2,2,6,0,0,5,7,8,6,1,0
432,3,0,0,4,6,0,0,0,5,1,0,1,4,10,10,5,0
433,7,1,0,4,4,1,1,3,5,0,2,8,2,9,5,1,0
434,9,2,0,4,4,0,2,1,3,1,0,5,1,9,3,5,0
435,9,2,0,4,5,0,0,2,5,0,2,6,5,4,6,9,1
436,2,0,0,4,10,0,1,0,7,1,0,2,9,4,5,4,0
437,8,1,1,4,7,1,2,3,4,0,0,6,2,9,10,9,1
438,3,0,0,4,10,0,0,1,2,1,0,2,4,4,9,4,0
439,2,0,0,4,8,1,1,2,1,0,0,5,2,7,4,2,0
440,7,1,0,4,8,0,2,0,3,1,0,7,9,3,2,10,0
441,7,1,0,4,10,1,0,3,3,0,1,6,3,3,4,2,1
442,0,0,0,4,8,0,1,1,6,1,0,6,3,6,4,4,0
443,9,2,0,4,7,0,0,2,6,0,2,5,10,7,4,7,1
444,8,1,1,4,9,0,0,0,2,1,1,10,2,6,3,3,0
445,6,0,0,4,10,1,1,3,7,0,0,3,2,1,6,6,1
446,9,2,0,4,5,0,2,1,7,1,0,5,6,6,2,7,1
447,1,0,0,4,1,1,0,2,2,0,0,2,3,9,7,6,0
448,3,0,0,4,3,0,1,0,6,1,0,10,4,9,9,3,0
449,9,2,0,4,5,0,0,3,7,0,2,9,10,9,6,7,1
450,8,1,1,4,1,0,0,1,3,1,1,9,6,2,1,9,0
451,7,1,0,4,4,1,1,2,3,0,2,2,2,1,9,10,0
452,8,1,1,4,9,0,2,0,7,1,0,4,9,3,2,2,0
453,0,0,0,4,9,1,0,3,2,0,0,5,8,4,1,6,0
454,9,2,1,4,9,0,0,1,7,1,2,9,4,3,6,7,1
455,7,1,0,4,3,1,2,2,6,0,0,7,9,8,2,1,0
456,4,0,0,4,8,0,0,0,3,1,0,3,9,7,10,4,0
457,10,2,0,4,5,0,0,3,9,0,2,3,9,8,9,7,1
458,10,2,1,4,5,0,0,1,5,1,2,7,7,5,8,8,1
459,3,0,0,4,10,1,0,2,1,0,0,4,8,10,9,3,0
460,0,0,0,4,2,0,1,0,3,1,0,6,6,7,10,3,0
461,7,1,0,4,8,1,2,3,4,0,0,5,10,1,1,5,1
462,4,0,0,4,7,0,0,1,4,1,0,7,5,7,3,2,0
463,6,0,0,4,1,1,1,2,3,0,0,5,4,3,10,6,0
464,7,1,0,4,7,0,2,0,6,1,0,7,7,10,5,6,1
465,2,0,0,4,10,1,0,3,4,0,0,1,5,4,9,6,0
466,4,0,0,4,2,0,1,1,5,1,0,7,6,7,2,4,0
467,10,2,0,4,6,0,0,2,6,0,2,8,6,3,10,7,1
468,5,0,0,4,9,0,0,0,2,1,0,7,8,9,4,2,0
469,9,2,0,4,5,0,0,3,5,0,2,1,5,5,9,8,1
470,9,2,1,4,2,0,2,1,5,1,0,4,7,5,1,6,0
471,9,2,0,4,7,0,0,2,5,0,2,5,9,8,7,7,1
472,5,0,0,4,7,0,1,0,4,1,0,2,7,4,1,6,0
473,8,1,1,4,3,1,2,3,1,0,0,4,10,6,3,7,0
474,5,0,0,4,5,0,0,1,2,1,0,7,9,2,1,4,0
475,3,0,0,4,6,1,1,2,6,0,0,7,6,10,4,6,0
476,8,1,1,4,1,0,2,0,2,1,0,4,9,6,10,7,0
477,4,0,0,4,2,1,0,3,5,0,0,7,8,1,2,3,0
478,7,1,1,4,2,0,1,1,7,1,2,5,9,7,10,3,0
479,7,1,0,4,7,1,2,2,2,0,0,7,2,7,3,2,0
480,2,0,0,4,1,0,0,0,6,1,0,9,10,5,9,1,0
481,5,0,0,4,1,1,1,3,3,0,0,8,8,3,6,6,0
482,7,1,0,4,1,0,2,1,4,1,0,8,9,10,4,5,0
483,1,0,0,4,8,1,0,2,1,0,0,10,8,9,4,4,0
484,8,1,1,4,6,0,1,0,1,1,2,10,3,2,1,7,1
485,7,1,0,4,2,1,2,3,1,0,0,7,3,5,8,7,0
486,6,0,0,4,5,0,0,1,1,1,0,2,8,2,3,4,0
487,1,0,0,4,2,1,1,2,4,0,0,7,1,5,2,2,0
488,8,1,1,4,9,0,2,0,5,1,0,7,10,7,5,1,0
489,6,0,0,4,8,1,0,3,6,0,0,2,6,10,5,1,0
490,5,0,0,4,2,0,1,1,2,1,0,8,9,2,5,6,0
491,7,1,0,4,6,1,2,2,1,0,0,5,5,6,3,9,1
492,1,0,0,4,9,0,0,0,2,1,0,2,10,10,1,4,0
493,4,0,0,4,2,1,1,3,2,0,0,4,2,10,7,1,0
494,7,1,0,4,7,0,2,1,5,1,0,5,9,10,6,1,0
495,10,2,0,4,6,0,0,2,7,0,2,9,1,7,10,8,1
496,2,0,0,4,3,0,1,0,3,1,0,8,2,3,8,2,0
497,7,1,0,4,7,1,2,3,2,0,0,7,1,9,10,3,0
498,4,0,0,4,8,0,0,1,1,1,0,4,5,4,1,5,0
499,2,0,0,4,7,1,1,2,4,0,0,6,5,3,1,6,0
500,7,1,0,4,8,0,2,0,2,1,0,7,6,2,2,3,0
501,5,0,0,4,6,1,0,3,6,0,0,5,1,10,10,4,0
502,7,1,1,4,8,0,1,1,7,1,2,8,9,7,6,2,0
503,7,1,0,4,2,1,2,2,1,0,0,6,9,4,10,9,0
504,2,0,0,4,3,0,0,0,2,1,0,7,5,9,1,3,0
505,3,0,0,4,3,1,1,3,7,0,0,5,1,8,8,2,0
506,9,2,1,4,10,0,0,1,6,1,2,3,3,2,4,7,1
507,7,1,0,4,7,1,0,2,3,0,1,1,9,1,2,2,0
508,6,0,0,4,10,0,1,0,7,1,0,6,1,4,5,1,0
509,7,1,0,4,3,1,2,3,7,0,0,8,10,1,4,4,0
510,4,0,0,4,4,0,0,1,3,1,0,4,1,3,7,5,0
511,7,1,0,4,6,1,1,2,6,0,2,3,7,5,3,5,1
512,7,1,0,4,8,0,2,0,1,1,0,5,8,5,3,1,0
513,2,0,0,4,5,1,0,3,7,0,0,5,9,9,7,3,0
514,7,1,1,4,6,0,1,1,6,1,2,9,8,6,3,4,0
515,7,1,0,4,1,1,2,2,7,0,0,8,10,8,2,6,0
516,2,0,0,4,3,0,0,0,1,1,0,3,9,5,6,4,0
517,8,1,0,4,7,1,1,3,5,0,2,10,5,5,8,8,1
518,7,1,0,4,6,0,2,1,3,1,0,8,1,5,6,10,1
519,5,0,0,4,1,1,0,2,5,0,0,9,9,5,1,5,0
520,2,0,0,4,10,0,1,0,2,1,0,6,5,8,1,6,0
521,7,1,0,4,10,1,2,3,1,0,0,4,3,6,10,4,1
522,8,1,1,4,7,0,0,1,5,1,1,2,4,3,10,8,1
523,5,0,0,4,4,1,1,2,7,0,0,9,4,3,4,3,0
524,7,1,0,4,4,0,2,0,3,1,0,4,2,10,2,8,0
525,9,2,0,4,6,0,0,3,5,0,2,9,10,6,7,8,1
526,9,2,1,4,10,0,0,1,6,1,2,8,9,3,4,9,1
527,10,2,0,4,5,0,0,2,5,0,2,7,6,3,8,10,1
528,4,0,0,4,3,0,0,0,7,1,0,3,6,3,7,6,0
529,4,0,0,4,3,1,1,3,1,0,0,7,8,2,9,5,0
530,7,1,0,4,1,0,2,1,5,1,0,4,3,4,10,7,0
531,7,1,0,4,10,1,0,2,6,0,1,7,3,8,2,6,0
532,4,0,0,4,2,0,1,0,2,1,0,4,2,2,1,3,0
533,7,1,0,4,7,1,2,3,5,0,0,8,7,9,3,3,0
534,8,1,1,4,5,0,0,1,5,1,1,4,9,1,2,2,0
535,7,1,0,4,5,1,1,2,1,0,2,9,2,7,4,5,0
536,7,1,0,4,5,0,2,0,2,1,0,4,4,7,5,5,1
537,3,0,0,4,9,1,0,3,5,0,0,9,4,10,3,1,0
538,8,1,1,4,10,0,1,1,5,1,2,2,3,9,1,1,0
539,7,1,0,4,4,1,2,2,5,0,0,7,8,5,1,9,1
540,0,0,0,4,5,0,0,0,4,1,0,5,6,8,10,2,0
541,2,0,0,4,9,1,1,3,5,0,0,2,6,8,4,1,0
542,7,1,0,4,7,0,2,1,1,1,0,7,8,6,6,10,1
543,2,0,0,4,1,1,0,2,1,0,0,6,6,1,2,4,0
544,3,0,0,4,5,0,1,0,3,1,0,2,4,5,1,2,0
545,7,1,0,4,6,1,2,3,3,0,0,7,1,6,9,4,0
546,6,0,1,4,1,0,0,1,6,1,0,8,8,9,5,6,0
547,10,2,1,4,5,0,0,2,6,0,2,3,10,2,10,10,1
548,10,2,0,4,8,0,0,0,7,1,2,4,10,4,5,8,1
549,8,1,0,4,4,1,0,3,4,0,1,7,2,8,9,6,0
550,7,1,1,4,5,0,1,1,2,1,2,4,8,6,9,7,0
551,7,1,1,4,2,1,2,2,4,0,0,4,6,4,9,10,0
552,3,0,0,4,7,0,0,0,3,1,0,5,10,8,8,1,0
553,10,2,0,4,5,0,0,3,5,0,2,1,1,10,9,10,1
554,8,1,1,4,2,0,2,1,1,1,0,4,7,7,6,5,0
555,6,0,0,4,10,1,0,2,4,0,0,3,8,9,10,4,0
556,4,0,0,4,6,0,1,0,5,1,0,3,9,7,2,3,0
557,7,1,0,4,2,1,2,3,7,0,0,8,10,9,8,10,0
558,4,0,0,4,6,0,0,1,3,1,0,2,2,9,9,6,0
559,2,0,0,4,1,1,1,2,6,0,0,4,2,3,10,2,0
560,7,1,0,4,2,0,2,0,2,1,0,6,6,3,7,4,0
561,3,0,0,4,5,1,0,3,4,0,0,7,10,2,9,5,0
562,0,0,0,4,1,0,1,1,1,1,0,1,6,2,7,1,0
563,7,1,0,4,3,1,2,2,5,0,0,5,3,10,9,7,0
564,9,2,1,4,4,0,0,0,6,1,2,6,6,10,1,10,1
565,9,2,0,4,7,0,0,3,7,0,2,10,7,10,3,10,1
566,7,1,0,4,3,0,2,1,6,1,0,8,9,5,9,9,0
567,3,0,0,4,3,1,0,2,1,0,0,5,10,5,1,6,0
568,2,0,0,4,5,0,1,0,2,1,0,7,8,1,1,6,0
569,7,1,0,4,7,1,2,3,7,0,0,6,2,3,6,10,1
570,3,0,0,4,1,0,0,1,3,1,0,10,8,1,6,1,0
571,10,2,0,4,7,0,0,2,9,0,2,3,9,3,6,10,1
572,7,1,1,4,10,0,2,0,2,1,0,4,9,7,9,5,0
573,3,0,0,4,4,1,0,3,3,0,0,2,9,3,7,4,0
574,9,2,1,4,7,0,0,1,7,1,2,1,8,4,1,7,1
575,8,1,1,4,3,1,2,2,7,0,0,4,4,10,8,3,0
576,5,0,0,4,4,0,0,0,6,1,0,7,3,1,10,6,0
577,10,2,0,4,6,0,0,3,10,0,2,5,5,9,7,9,1
578,7,1,0,4,10,0,2,1,3,1,0,4,4,10,9,6,1
579,8,1,0,4,10,1,0,2,6,0,1,4,3,4,1,3,0
580,0,0,0,4,1,0,1,0,2,1,0,9,4,3,2,4,0
581,10,2,0,4,7,0,0,3,6,0,2,9,10,2,2,10,1
582,1,0,0,4,8,0,0,1,4,1,0,1,10,8,7,5,0
583,0,0,0,4,1,1,1,2,2,0,0,1,9,3,3,6,0
584,7,1,0,4,1,0,2,0,4,1,0,4,9,9,4,2,0
585,5,0,0,4,10,1,0,3,6,0,0,7,1,1,9,1,0
586,6,0,0,4,2,0,1,1,2,1,0,10,8,4,8,3,0
587,7,1,0,4,10,1,2,2,3,0,0,6,3,1,9,1,0
588,6,0,0,4,8,0,0,0,1,1,0,8,10,3,9,1,0
589,9,2,0,4,7,0,0,3,7,0,2,9,5,9,3,7,1
590,9,2,1,4,2,0,0,1,10,1,2,9,10,3,6,10,1
591,2,0,0,4,4,1,0,2,1,0,0,5,7,2,9,1,0
592,2,0,0,4,9,0,1,0,4,1,0,2,5,8,7,5,0
593,7,1,0,4,7,1,2,3,6,0,0,6,1,5,10,9,1
594,6,0,0,4,5,0,0,1,7,1,0,8,2,6,2,1,0
595,5,0,0,4,2,1,1,2,1,0,0,8,1,9,3,2,0
596,7,1,0,4,1,0,2,0,4,1,0,7,9,4,9,3,0
597,5,0,0,4,4,1,0,3,3,0,0,7,9,6,2,4,0
598,6,0,0,4,9,0,1,1,3,1,0,6,6,9,10,1,0
599,9,2,0,4,5,0,0,2,8,0,2,3,10,6,4,8,1
600,6,0,0,4,5,0,0,0,5,1,0,2,9,4,10,5,0
601,1,0,0,4,5,1,1,3,1,0,0,6,10,8,1,1,0
602,7,1,0,4,1,0,2,1,7,1,0,5,10,9,2,8,0
603,7,1,0,4,3,1,0,2,2,0,1,5,5,10,4,4,0
604,2,0,0,4,3,0,1,0,5,1,0,6,3,8,9,5,0
605,8,1,0,4,5,1,2,3,2,0,0,5,6,2,5,1,0
606,5,0,0,4,8,0,0,1,4,1,0,7,1,3,6,2,0
607,2,0,0,4,4,1,1,2,4,0,0,3,6,1,6,1,0
608,7,1,0,4,7,0,2,0,1,1,0,8,7,4,9,9,0
609,0,0,0,4,8,1,0,3,2,0,0,7,1,10,4,6,0
610,8,1,1,4,1,0,1,1,5,1,2,5,7,6,2,2,0
611,7,1,0,4,3,1,2,2,2,0,0,6,7,1,9,2,0
612,4,0,0,4,5,0,0,0,5,1,0,10,10,6,1,3,0
613,8,1,0,4,3,1,1,3,3,0,2,10,4,9,6,5,0
614,7,1,0,4,6,0,2,1,1,1,0,4,3,1,5,4,0
615,6,0,0,4,8,1,0,2,6,0,0,3,4,9,3,6,0
616,4,0,0,4,9,0,1,0,6,1,0,10,6,3,8,6,0
617,7,1,0,4,4,1,2,3,6,0,0,7,5,1,9,6,0
618,2,0,0,4,2,0,0,1,7,1,0,9,6,6,4,2,0
619,5,0,0,4,10,1,1,2,2,0,0,5,9,8,3,1,0
620,7,1,1,4,7,0,2,0,1,1,0,5,8,7,10,3,0
621,5,0,0,4,4,1,0,3,4,0,0,6,6,3,2,5,0
622,4,0,0,4,3,0,1,1,3,1,0,10,9,9,2,2,0
623,7,1,0,4,7,1,2,2,4,0,0,7,5,4,7,1,0
624,10,2,1,4,3,0,0,0,9,1,2,3,9,3,1,7,1
625,9,2,0,4,6,0,0,3,8,0,2,6,7,9,3,9,1
626,7,1,1,4,4,0,2,1,6,1,0,4,6,4,6,10,1
627,6,0,0,4,6,1,0,2,6,0,0,8,3,10,5,2,0
628,4,0,0,4,7,0,1,0,7,1,0,2,7,1,5,6,0
629,10,2,0,4,6,0,0,3,6,0,2,1,10,3,10,10,1
630,2,0,0,4,4,0,0,1,5,1,0,7,3,3,8,2,0
631,2,0,0,4,9,1,1,2,5,0,0,8,4,1,8,4,0
632,7,1,0,4,9,0,2,0,3,1,0,8,2,6,8,3,0
633,8,1,0,4,5,1,0,3,4,0,1,6,2,4,3,6,1
634,3,0,0,4,6,0,1,1,5,1,0,5,1,7,4,2,0
635,7,1,0,4,6,1,2,2,4,0,0,5,9,4,8,5,0
636,6,0,0,4,1,0,0,0,1,1,0,8,7,1,2,6,0
637,3,0,0,4,4,1,1,3,3,0,0,4,5,2,7,5,0
638,9,2,1,4,5,0,2,1,1,1,0,8,5,6,2,6,0
639,8,1,0,4,5,1,0,2,4,0,1,10,5,9,1,10,1
640,3,0,0,4,6,0,1,0,6,1,0,5,4,8,6,1,0
641,8,1,0,4,1,1,2,3,2,0,0,7,10,2,4,6,0
642,8,1,1,4,3,0,0,1,6,1,1,10,2,7,1,3,0
643,4,0,0,4,7,1,1,2,5,0,0,6,10,6,4,2,0
644,7,1,0,4,8,0,2,0,4,1,0,6,2,2,6,4,0
645,1,0,0,4,6,1,0,3,2,0,0,4,3,8,10,6,0
646,1,0,0,4,2,0,1,1,3,1,0,6,7,9,7,1,0
647,8,1,0,4,3,1,2,2,4,0,0,8,6,6,3,8,0
648,3,0,0,4,8,0,0,0,1,1,0,9,3,6,1,3,0
649,2,0,0,4,4,1,1,3,1,0,0,10,9,9,1,1,0
650,9,2,0,4,5,0,2,1,3,1,0,6,2,3,2,8,1
651,4,0,0,4,5,1,0,2,2,0,0,1,2,1,7,3,0
652,0,0,0,4,10,0,1,0,5,1,0,10,9,8,7,6,0
653,7,1,0,4,8,1,2,3,1,0,0,7,9,3,8,3,0
654,6,0,0,4,6,0,0,1,5,1,0,1,2,6,10,3,1
655,1,0,0,4,4,1,1,2,1,0,0,8,7,10,7,6,0
656,7,1,0,4,7,0,2,0,1,1,0,7,3,3,6,7,1
657,7,1,0,4,9,1,0,3,2,0,1,9,2,5,2,2,0
658,10,2,1,4,2,0,0,1,7,1,2,5,5,9,9,7,0
659,7,1,0,4,7,1,2,2,7,0,0,8,1,4,7,10,1
660,0,0,0,4,7,0,0,0,5,1,0,8,5,1,1,5,0
661,4,0,0,4,3,1,1,3,1,0,0,2,9,3,2,4,0
662,9,2,0,4,3,0,2,1,1,1,0,8,5,8,6,6,0
663,10,2,0,4,6,0,0,2,7,0,2,5,8,2,6,7,1
664,7,1,1,4,5,0,1,0,2,1,2,6,3,7,3,7,0
665,7,1,0,4,6,1,2,3,6,0,0,8,4,3,1,7,1
666,6,0,0,4,10,0,0,1,1,1,0,5,5,10,7,2,0
667,6,0,0,4,3,1,1,2,1,0,0,2,8,10,3,4,0
668,7,1,0,4,4,0,2,0,7,1,0,7,2,1,1,10,1
669,6,0,0,4,5,1,0,3,1,0,0,8,2,3,10,2,0
670,5,0,0,4,10,0,1,1,3,1,0,10,6,2,4,6,0
671,7,1,0,4,1,1,2,2,6,0,0,7,9,8,8,5,0
672,7,1,1,4,10,0,0,0,3,1,1,7,10,5,9,6,1
673,7,1,0,4,5,1,1,3,6,0,2,3,1,4,8,7,1
674,9,2,0,4,9,0,2,1,4,1,0,7,1,4,8,4,0
675,3,0,0,4,10,1,0,2,1,0,0,7,3,2,7,3,0
676,10,2,1,4,1,0,0,0,7,1,2,1,1,5,7,8,1
677,7,1,0,4,7,1,2,3,7,0,0,5,6,3,9,3,0
678,8,1,1,4,1,0,0,1,3,1,1,3,8,2,2,2,0
679,6,0,0,4,9,1,1,2,6,0,0,7,6,1,7,6,0
680,7,1,0,4,9,0,2,0,4,1,0,8,2,6,5,1,0
681,9,2,0,4,5,0,0,3,9,0,2,1,8,3,1,8,1
682,10,2,1,4,7,0,0,1,5,1,2,9,10,1,5,10,1
683,7,1,0,4,3,1,2,2,4,0,0,5,7,6,2,7,0
684,9,2,1,4,10,0,0,0,6,1,2,4,5,6,9,10,1
685,10,2,0,4,5,0,0,3,9,0,2,2,6,6,5,9,1
686,9,2,0,4,10,0,2,1,1,1,0,7,3,8,8,2,0
687,0,0,0,4,2,1,0,2,6,0,0,4,3,2,9,2,0
688,10,2,1,4,8,0,0,0,8,1,2,10,4,5,3,10,1
689,7,1,0,4,8,1,2,3,1,0,0,5,8,7,3,6,1
690,2,0,0,4,8,0,0,1,7,1,0,4,6,5,7,4,0
691,7,1,0,4,5,1,1,2,7,0,2,4,1,5,1,10,1
692,7,1,0,4,4,0,2,0,7,1,0,4,10,5,3,6,0
693,0,0,0,4,1,1,0,3,7,0,0,6,7,7,10,1,0
694,5,0,0,4,3,0,1,1,4,1,0,4,6,4,4,2,0
695,7,1,0,4,10,1,2,2,5,0,0,7,9,5,9,2,0
696,10,2,1,4,4,0,0,0,6,1,2,5,7,7,2,9,1
697,3,0,0,4,6,1,1,3,4,0,0,2,9,4,1,4,0
698,9,2,0,4,8,0,2,1,7,1,0,8,9,1,7,2,0
699,0,0,0,4,9,1,0,2,3,0,0,5,9,4,4,6,0
700,4,0,0,4,2,0,1,0,3,1,0,2,8,6,5,4,0
701,7,1,0,4,5,1,2,3,3,0,0,5,9,2,3,1,0
702,5,0,0,4,7,0,0,1,5,1,0,10,10,8,9,1,0
703,3,0,0,4,4,1,1,2,7,0,0,3,10,4,7,2,0
704,8,1,1,4,6,0,2,0,1,1,0,6,3,4,4,5,1
705,0,0,0,4,7,1,0,3,7,0,0,5,5,4,7,2,0
706,2,0,0,4,6,0,1,1,7,1,0,4,10,2,1,2,0
707,7,1,0,4,8,1,2,2,1,0,0,8,5,8,6,10,1
708,6,0,0,4,6,0,0,0,2,1,0,5,5,6,7,6,1
709,3,0,0,4,1,1,1,3,4,0,0,9,6,5,10,6,0
710,9,2,0,4,6,0,2,1,5,1,0,4,6,4,7,5,0
711,1,0,0,4,3,1,0,2,7,0,0,4,9,6,9,4,0
712,0,0,0,4,8,0,1,0,5,1,0,10,1,9,1,4,0
713,7,1,0,4,9,1,2,3,5,0,0,6,4,1,6,6,1
714,1,0,0,4,7,0,0,1,6,1,0,7,10,7,9,1,0
715,9,2,0,4,5,0,0,2,6,0,2,9,3,8,1,10,1
716,7,1,1,4,7,0,2,0,4,1,0,5,4,7,8,7,1
717,9,2,0,4,6,0,0,3,10,0,2,3,3,5,10,9,1
718,3,0,0,4,2,0,1,1,3,1,0,9,1,7,8,4,0
719,7,1,0,4,7,1,2,2,2,0,0,8,5,8,5,5,1
720,7,1,1,4,8,0,0,0,2,1,1,7,3,2,4,7,0
721,10,2,0,4,7,0,0,3,10,0,2,6,6,3,8,10,1
722,9,2,0,4,9,0,2,1,1,1,0,7,8,2,5,7,0
723,5,0,0,4,9,1,0,2,2,0,0,7,4,9,8,5,0
724,10,2,1,4,5,0,0,0,8,1,2,1,7,1,9,10,1
725,10,2,0,4,6,0,0,3,7,0,2,3,9,9,10,9,1
726,4,0,0,4,4,0,0,1,7,1,0,1,6,3,8,2,0
727,8,1,0,4,3,1,1,2,7,0,2,1,6,8,8,6,0
728,7,1,0,4,9,0,2,0,2,1,0,8,3,2,3,2,0
729,1,0,0,4,6,1,0,3,7,0,0,8,9,2,5,2,0
730,3,0,0,4,1,0,1,1,3,1,0,8,4,1,2,1,0
731,7,1,0,4,3,1,2,2,2,0,0,8,6,2,6,10,0
732,3,0,0,4,2,0,0,0,6,1,0,7,8,5,4,4,0
733,9,2,0,4,6,0,0,3,9,0,2,10,1,9,3,8,1
734,9,2,0,4,7,0,2,1,4,1,0,5,7,8,4,8,1
735,10,2,0,4,5,0,0,2,8,0,2,8,4,9,9,9,1
736,8,1,1,4,10,0,1,0,4,1,2,2,4,2,4,9,1
737,7,1,0,4,10,1,2,3,1,0,0,7,2,9,1,9,1
738,8,1,1,4,4,0,0,1,1,1,1,4,3,7,3,4,0
739,9,2,0,4,6,0,0,2,6,0,2,1,5,2,7,7,1
740,7,1,0,4,6,0,2,0,1,1,0,8,5,6,8,2,0
741,9,2,0,4,6,0,0,3,9,0,2,4,7,5,4,9,1
742,0,0,0,4,5,0,1,1,1,1,0,2,8,4,3,6,0
743,8,1,0,4,5,1,2,2,4,0,0,6,6,3,2,2,0
744,9,2,1,4,3,0,0,0,10,1,2,8,8,1,3,8,1
745,1,0,0,4,5,1,1,3,7,0,0,9,9,2,3,3,0
746,9,2,0,4,4,0,2,1,4,1,0,8,9,5,8,6,0
747,10,2,0,4,7,0,0,2,5,0,2,4,9,1,1,8,1
748,1,0,0,4,8,0,1,0,7,1,0,4,10,4,3,5,0
749,7,1,0,4,10,1,2,3,5,0,0,8,10,8,8,9,1
750,7,1,1,4,5,0,0,1,3,1,1,10,5,7,3,9,1
751,6,0,0,4,9,1,1,2,7,0,0,3,5,7,4,1,0
752,7,1,0,4,5,0,2,0,6,1,0,5,7,3,6,6,0
753,2,0,0,4,4,1,0,3,7,0,0,2,9,7,2,4,0
754,5,0,0,4,4,0,1,1,2,1,0,3,6,4,7,6,0
755,7,1,0,4,7,1,2,2,4,0,0,8,8,9,10,10,1
756,6,0,0,4,9,0,0,0,4,1,0,5,6,6,6,6,1
757,8,1,0,4,2,1,1,3,6,0,2,10,9,3,9,8,1
758,9,2,1,4,5,0,2,1,1,1,0,8,4,10,8,3,0
759,3,0,0,4,4,1,0,2,2,0,0,10,9,8,2,2,0
760,6,0,0,4,6,0,1,0,1,1,0,2,1,4,7,4,0
761,7,1,0,4,10,1,2,3,4,0,0,7,8,5,4,6,0
762,10,2,1,4,8,0,1,1,9,1,2,5,6,10,2,7,1
763,2,0,0,4,5,1,1,2,5,0,0,2,4,7,3,5,0
764,7,1,1,4,10,0,2,0,7,1,0,7,1,2,5,5,0
765,4,0,0,4,8,1,0,3,6,0,0,3,4,7,6,3,0
766,0,0,0,4,9,0,1,1,1,1,0,7,9,10,5,4,0
767,7,1,0,4,8,1,2,2,5,0,0,7,4,8,7,1,0
768,4,0,0,4,1,0,0,0,7,1,0,8,7,10,5,1,0
769,5,0,0,4,2,1,1,3,6,0,0,9,9,4,1,6,0
770,9,2,0,4,9,0,2,1,5,1,0,6,3,6,2,8,1
771,1,0,0,4,5,1,0,2,2,0,0,5,1,4,10,3,0
772,9,2,1,4,1,0,0,0,5,1,2,5,8,9,8,7,0
773,7,1,0,4,7,1,2,3,6,0,0,5,7,8,10,5,0
774,6,0,0,4,7,0,0,1,6,1,0,1,8,5,8,2,0
775,10,2,0,4,7,0,0,2,7,0,2,6,3,10,4,9,1
776,9,2,1,4,2,0,0,0,8,1,2,8,5,10,10,7,0
777,3,0,0,4,7,1,0,3,2,0,0,1,3,6,10,4,0
778,9,2,1,4,1,0,0,1,9,1,2,8,8,10,6,7,0
779,7,1,0,4,2,1,2,2,4,0,0,8,1,8,9,7,0
780,5,0,0,4,8,0,0,0,4,1,0,1,8,7,3,3,0
781,0,0,0,4,1,1,1,3,2,0,0,2,4,1,10,3,0
782,9,2,0,4,5,0,2,1,7,1,0,4,8,10,3,9,1
783,2,0,0,4,10,1,0,2,1,0,0,2,1,9,8,3,0
784,4,0,0,4,8,0,1,0,4,1,0,7,9,3,4,3,0
785,7,1,0,4,2,1,2,3,6,0,0,6,10,1,8,3,0
786,3,0,0,4,9,0,0,1,2,1,0,3,2,5,7,3,0
787,0,0,0,4,5,1,1,2,7,0,0,3,8,5,2,5,0
788,7,1,0,4,2,0,2,0,7,1,0,6,8,4,9,5,0
789,6,0,0,4,6,1,0,3,2,0,0,1,6,10,1,5,0
790,7,1,1,4,6,0,1,1,5,1,2,10,9,9,2,5,0
791,9,2,0,4,6,0,1,2,7,0,2,2,3,7,10,9,1
792,8,1,1,4,1,0,0,0,1,1,1,8,5,8,1,3,0
793,1,0,0,4,6,1,1,3,1,0,0,2,3,10,3,5,0
794,9,2,1,4,2,0,2,1,6,1,0,8,4,8,6,3,0
795,9,2,0,4,7,0,0,2,7,0,2,3,4,8,9,9,1
796,10,2,1,4,10,0,0,0,5,1,2,10,1,3,9,7,1
797,7,1,0,4,1,1,2,3,2,0,0,5,4,4,2,5,0
798,5,0,0,4,3,0,0,1,1,1,0,9,7,3,1,1,0
799,6,0,0,4,1,1,1,2,1,0,0,1,10,1,1,5,0
800,7,1,0,4,10,0,2,0,3,1,0,7,8,8,3,7,1
801,6,0,0,4,7,1,0,3,6,0,0,7,10,5,8,3,0
802,8,1,1,4,2,0,1,1,1,1,2,7,4,8,3,8,0
803,7,1,0,4,4,1,2,2,6,0,0,4,4,9,6,6,1
804,10,2,1,4,7,0,0,0,6,1,2,2,10,10,3,7,1
805,0,0,0,4,5,1,1,3,7,0,0,8,9,10,9,4,0
806,9,2,0,4,4,0,2,1,3,1,0,4,2,2,8,8,0
807,4,0,0,4,5,1,0,2,7,0,0,5,8,2,7,6,0
808,1,0,0,4,2,0,1,0,6,1,0,8,2,3,7,6,0
809,7,1,0,4,1,1,2,3,2,0,0,4,4,4,10,7,0
810,8,1,1,4,10,0,0,1,3,1,1,10,1,8,7,10,1
811,10,2,0,4,7,0,0,2,9,0,2,8,3,8,8,8,1
812,10,2,1,4,10,0,0,0,10,1,2,5,6,10,2,9,1
813,7,1,0,4,4,1,0,3,6,0,1,7,3,6,4,2,0
814,2,0,0,4,7,0,1,1,5,1,0,6,5,2,4,6,0
815,7,1,0,4,10,1,2,2,3,0,0,4,10,8,3,5,1
816,5,0,0,4,6,0,0,0,4,1,0,9,8,10,3,1,0
817,1,0,0,4,9,1,1,3,4,0,0,9,4,9,9,5,0
818,9,2,0,4,6,0,2,1,1,1,0,5,1,4,6,6,1
819,9,2,0,4,7,0,0,2,8,0,2,6,2,2,10,10,1
820,6,0,0,4,6,0,1,0,6,1,0,5,3,6,8,6,1
821,7,1,0,4,10,1,2,3,7,0,0,4,8,8,3,5,0
822,5,0,0,4,2,0,0,1,5,1,0,5,1,3,5,2,0
823,4,0,0,4,2,1,1,2,3,0,0,10,9,2,10,5,0
824,7,1,0,4,10,0,2,0,5,1,0,6,1,5,5,10,1
825,10,2,0,4,5,0,0,3,10,0,2,7,4,6,2,8,1
826,2,0,0,4,6,0,1,1,2,1,0,8,9,6,10,6,0
827,9,2,0,4,7,0,0,2,6,0,2,7,1,4,7,10,1
828,7,1,1,4,3,0,0,0,7,1,1,1,4,2,4,8,1
829,10,2,0,4,5,0,0,3,7,0,2,7,6,5,3,9,1
830,9,2,0,4,6,0,2,1,3,1,0,4,3,1,8,3,0
831,3,0,0,4,2,1,0,2,1,0,0,1,6,2,4,2,0
832,1,0,0,4,9,0,1,0,7,1,0,7,7,1,5,6,0
833,7,1,0,4,7,1,2,3,4,0,0,4,6,10,8,1,0
834,1,0,0,4,4,0,0,1,2,1,0,2,5,5,8,3,0
835,0,0,0,4,10,1,1,2,4,0,0,4,4,3,4,3,0
836,7,1,0,4,8,0,2,0,6,1,0,6,2,9,7,10,1
837,6,0,0,4,8,1,0,3,6,0,0,10,9,9,9,3,0
838,7,1,1,4,5,0,1,1,1,1,2,2,3,4,2,4,0
839,7,1,0,4,3,1,2,2,2,0,0,8,9,3,8,1,0
840,7,1,1,4,4,0,0,0,2,1,1,6,1,9,2,6,0
841,3,0,0,4,10,1,1,3,1,0,0,9,5,7,10,1,0
842,10,2,1,4,5,0,0,1,9,1,2,7,8,9,3,8,1
843,4,0,0,4,4,1,0,2,1,0,0,1,6,3,7,6,0
844,9,2,1,4,2,0,0,0,8,1,2,2,1,9,8,9,1
845,7,1,0,4,2,1,2,3,4,0,0,8,6,3,1,10,0
846,4,0,0,4,10,0,0,1,5,1,0,5,6,7,9,3,0
847,8,1,0,4,5,1,1,2,6,0,2,6,4,9,4,6,1
848,7,1,0,4,2,0,2,0,3,1,0,5,6,10,6,1,0
849,2,0,0,4,7,1,0,3,1,0,0,8,5,7,6,6,0
850,5,0,0,4,7,0,1,1,6,1,0,10,7,8,9,2,0
851,7,1,0,4,10,1,2,2,2,0,0,4,10,8,5,10,1
852,3,0,0,4,8,0,0,0,1,1,0,5,6,2,9,4,0
853,5,0,0,4,9,1,1,3,3,0,0,6,5,8,4,5,1
854,10,2,1,4,6,0,0,1,10,1,2,8,3,5,7,7,1
855,6,0,0,4,9,1,0,2,1,0,0,4,10,7,2,2,0
856,3,0,0,4,9,0,1,0,5,1,0,1,4,1,3,5,0
857,7,1,0,4,3,1,2,3,6,0,0,5,9,9,2,9,0
858,5,0,0,4,7,0,0,1,7,1,0,4,10,5,1,1,0
859,8,1,0,4,4,1,1,2,6,0,2,7,7,5,8,8,1
860,7,1,0,4,1,0,2,0,2,1,0,5,6,1,1,6,0
861,3,0,0,4,4,1,0,3,3,0,0,6,4,10,3,4,0
862,7,1,1,4,5,0,1,1,1,1,2,2,4,7,6,3,1
863,7,1,0,4,7,1,2,2,7,0,0,8,5,3,2,3,0
864,5,0,0,4,10,0,0,0,6,1,0,5,2,2,7,3,0
865,0,0,0,4,10,1,1,3,3,0,0,7,6,7,4,5,0
866,9,2,1,4,10,0,2,1,6,1,0,5,3,9,1,9,1
867,3,0,0,4,3,1,0,2,4,0,0,2,5,5,10,6,0
868,8,1,1,4,1,0,1,0,5,1,2,2,5,8,3,6,0
869,7,1,0,4,2,1,2,3,7,0,0,8,1,1,1,6,1
870,1,0,0,4,3,0,0,1,7,1,0,5,3,2,3,6,0
871,5,0,0,4,10,1,1,2,5,0,0,8,3,3,9,5,0
872,7,1,0,4,4,0,2,0,4,1,0,5,5,9,10,6,0
873,7,1,0,4,2,1,0,3,1,0,1,1,10,3,9,2,0
874,0,0,0,4,2,0,1,1,3,1,0,5,5,2,1,1,0
875,9,2,0,4,6,0,0,2,10,0,2,10,3,4,2,7,1
876,6,0,0,4,10,0,0,0,2,1,0,8,2,4,7,2,0
877,0,0,0,4,8,1,1,3,2,0,0,6,4,5,2,6,0
878,9,2,0,4,4,0,2,1,1,1,0,5,9,10,5,8,0
879,7,1,0,4,6,1,0,2,7,0,1,8,5,8,10,3,0
880,5,0,0,4,1,0,1,0,4,1,0,1,9,7,3,3,0
881,7,1,0,4,3,1,2,3,7,0,0,4,3,3,9,2,0
882,6,0,0,4,7,0,0,1,6,1,0,4,2,4,5,3,1
883,7,1,0,4,10,1,1,2,3,0,2,2,4,1,5,10,1
884,7,1,0,4,6,0,2,0,3,1,0,8,1,3,10,3,0
885,1,0,0,4,6,1,0,3,3,0,0,10,4,2,3,2,0
886,7,1,1,4,2,0,1,1,3,1,2,9,1,4,1,3,0
887,8,1,0,4,8,1,2,2,5,0,0,8,4,8,5,9,1
888,6,0,0,4,6,0,0,0,1,1,0,1,6,1,5,4,0
889,3,0,0,4,2,1,1,3,2,0,0,6,10,4,8,4,0
890,9,2,0,4,5,0,2,1,1,1,0,5,8,1,4,1,0
891,6,0,0,4,4,1,0,2,6,0,0,6,3,9,7,4,0
892,3,0,0,4,7,0,1,0,1,1,0,10,8,4,5,4,0
893,7,1,0,4,1,1,2,3,2,0,0,5,3,1,2,2,0
894,8,1,1,4,10,0,0,1,7,1,1,8,6,10,10,9,1
895,1,0,0,4,9,1,1,2,4,0,0,2,10,9,1,6,0
896,8,1,1,4,6,0,2,0,1,1,0,8,1,8,4,1,0
897,8,1,0,4,5,1,0,3,7,0,1,10,4,2,3,5,1
898,0,0,0,4,1,0,1,1,1,1,0,4,7,9,7,6,0
899,7,1,0,4,6,1,2,2,2,0,0,4,7,8,2,6,1
900,7,1,1,4,6,0,0,0,1,1,1,7,9,5,4,1,0
901,3,0,0,4,9,1,1,3,2,0,0,1,4,2,1,6,0
902,9,2,0,4,7,0,2,1,4,1,0,4,1,1,4,2,0
903,4,0,0,4,6,1,0,2,7,0,0,9,10,2,7,6,0
904,0,0,0,4,3,0,1,0,4,1,0,10,1,6,7,6,0
905,7,1,0,4,8,1,2,3,2,0,0,8,7,3,3,9,1
906,8,1,1,4,6,0,0,1,4,1,1,7,6,3,1,6,1
907,0,0,0,4,3,1,1,2,3,0,0,1,10,7,1,1,0
908,7,1,0,4,8,0,2,0,5,1,0,8,5,2,8,3,0
909,7,1,0,4,1,1,0,3,6,0,1,2,10,2,5,8,0
910,3,0,0,4,10,0,1,1,1,1,0,1,10,8,6,6,0
911,7,1,0,4,4,1,2,2,7,0,0,7,7,8,10,5,0
912,6,0,0,4,7,0,0,0,3,1,0,6,9,1,1,4,0
913,5,0,0,4,10,1,1,3,5,0,0,3,10,8,4,2,0
914,9,2,1,4,9,0,2,1,2,1,0,4,4,1,2,7,1
915,3,0,0,4,9,1,0,2,5,0,0,5,7,2,4,3,0
916,5,0,0,4,4,0,1,0,5,1,0,6,8,5,7,3,0
917,7,1,0,4,9,1,2,3,1,0,0,6,6,5,7,4,0
918,10,2,1,4,3,0,0,1,6,1,2,9,8,1,7,9,1
919,7,1,0,4,7,1,1,2,5,0,2,7,5,10,9,1,0
920,7,1,0,4,6,0,2,0,2,1,0,5,9,2,4,10,0
921,6,0,0,4,8,1,0,3,5,0,0,8,8,1,9,2,0
922,6,0,0,4,7,0,1,1,4,1,0,3,7,6,4,6,0
923,7,1,0,4,7,1,2,2,7,0,0,7,3,10,1,3,0
924,2,0,0,4,1,0,0,0,2,1,0,9,3,3,4,2,0
925,1,0,0,4,3,1,1,3,3,0,0,3,8,1,3,1,0
926,9,2,0,4,9,0,2,1,7,1,0,8,8,5,10,3,0
927,1,0,0,4,2,1,0,2,2,0,0,5,4,4,4,5,0
928,10,2,1,4,7,0,0,0,5,1,2,10,4,5,5,10,1
929,7,1,0,4,2,1,2,3,7,0,0,6,7,6,5,10,0
930,7,1,1,4,10,0,0,1,2,1,1,10,1,6,10,7,1
931,9,2,0,4,5,0,0,2,9,0,2,2,5,4,8,7,1
932,7,1,0,4,7,0,2,0,4,1,0,7,6,7,4,9,1
933,1,0,0,4,5,1,0,3,5,0,0,9,4,9,1,1,0
934,6,0,0,4,5,0,1,1,4,1,0,1,2,9,7,3,1
935,7,1,0,4,2,1,2,2,6,0,0,4,2,6,1,7,1
936,7,1,1,4,5,0,0,0,4,1,1,2,9,1,7,2,0
937,5,0,0,4,9,1,1,3,7,0,0,8,10,7,1,1,0
938,9,2,0,4,9,0,2,1,1,1,0,6,4,5,8,8,1
939,9,2,0,4,7,0,0,2,6,0,2,4,4,10,8,10,1
940,2,0,0,4,7,0,1,0,7,1,0,9,8,10,1,5,0
941,9,2,0,4,5,0,0,3,5,0,2,10,10,5,3,9,1
942,5,0,0,4,4,0,0,1,5,1,0,9,5,5,7,4,0
943,2,0,0,4,2,1,1,2,6,0,0,1,7,9,7,3,0
944,8,1,1,4,9,0,2,0,7,1,0,5,8,8,8,10,1
945,7,1,0,4,3,1,0,3,2,0,1,8,2,8,1,4,0
946,7,1,1,4,7,0,1,1,5,1,2,2,8,10,2,4,0
947,7,1,0,4,3,1,2,2,7,0,0,5,4,9,2,10,1
948,6,0,0,4,8,0,0,0,6,1,0,3,10,6,7,3,0
949,2,0,0,4,6,1,1,3,2,0,0,1,6,9,8,3,0
950,9,2,1,4,9,0,0,1,10,1,2,5,9,3,8,9,1
951,0,0,0,4,7,1,0,2,4,0,0,2,9,8,5,6,0
952,4,0,0,4,9,0,1,0,2,1,0,5,10,8,2,3,0
953,7,1,0,4,9,1,2,3,2,0,0,4,2,8,10,8,1
954,9,2,1,4,1,0,0,1,5,1,2,8,1,3,5,8,0
955,2,0,0,4,10,1,1,2,7,0,0,4,5,4,9,2,0
956,10,2,1,4,9,0,0,0,9,1,2,5,9,3,6,8,1
957,8,1,0,4,6,1,0,3,5,0,1,8,4,9,9,8,1
958,10,2,1,4,1,0,0,1,8,1,2,7,1,7,10,8,0
959,9,2,0,4,7,0,0,2,8,0,2,10,4,5,3,7,1
960,8,1,1,4,7,0,0,0,6,1,1,2,2,3,3,8,1
961,10,2,0,4,6,0,0,3,7,0,2,3,9,5,6,8,1
962,9,2,0,4,5,0,2,1,3,1,0,5,1,2,7,6,0
963,6,0,0,4,8,1,0,2,1,0,0,1,3,7,5,6,0
964,3,0,0,4,3,0,1,0,2,1,0,9,6,5,6,1,0
965,7,1,0,4,9,1,2,3,1,0,0,7,4,9,10,2,0
966,3,0,0,4,7,0,0,1,1,1,0,5,8,3,6,6,0
967,6,0,0,4,7,1,1,2,5,0,0,4,10,10,2,4,0
968,7,1,0,4,8,0,2,0,2,1,0,8,6,3,10,8,0
969,6,0,0,4,8,1,0,3,2,0,0,9,3,10,7,2,0
970,2,0,0,4,7,0,1,1,3,1,0,7,9,1,7,6,0
971,9,2,0,4,5,0,0,2,8,0,2,8,10,6,1,7,1
972,9,2,1,4,1,0,0,0,8,1,2,1,2,3,6,9,1
973,5,0,0,4,3,1,1,3,7,0,0,2,9,9,8,5,0
974,9,2,0,4,2,0,2,1,3,1,0,8,6,6,7,4,0
975,5,0,0,4,7,1,0,2,5,0,0,1,1,2,5,5,1
976,5,0,0,4,9,0,1,0,7,1,0,2,2,3,5,4,1
977,7,1,0,4,6,1,2,3,2,0,0,8,1,9,3,3,0
978,10,2,1,4,6,0,0,1,10,1,2,2,10,5,8,8,1
979,0,0,0,4,1,1,1,2,7,0,0,4,2,9,4,2,0
980,7,1,0,4,7,0,2,0,7,1,0,6,6,7,1,7,1
981,5,0,0,4,5,1,0,3,7,0,0,7,9,9,9,5,0
982,4,0,0,4,2,0,1,1,7,1,0,5,2,8,8,6,0
983,9,2,0,4,7,0,0,2,5,0,2,7,8,9,10,9,1
984,10,2,1,4,2,0,0,0,10,1,2,2,9,5,3,8,1
985,10,2,0,4,5,0,0,3,6,0,2,8,7,9,7,10,1
986,9,2,0,4,10,0,2,1,1,1,0,8,6,1,9,1,0
987,7,1,0,4,5,1,0,2,6,0,1,2,7,2,7,9,1
988,5,0,0,4,2,0,1,0,3,1,0,7,5,10,9,6,0
989,7,1,0,4,5,1,2,3,2,0,0,6,4,1,7,9,0
990,0,0,0,4,6,0,0,1,4,1,0,2,2,8,9,1,0
991,8,1,0,4,3,1,1,2,3,0,2,1,4,4,6,6,0
992,7,1,1,4,1,0,2,0,4,1,0,7,10,1,7,4,0
993,10,2,0,4,7,0,0,3,10,0,2,7,6,1,6,8,1
994,2,0,0,4,10,0,1,1,4,1,0,6,1,7,10,5,0
995,7,1,0,4,1,1,2,2,2,0,0,7,1,5,9,9,0
996,9,2,1,4,6,0,0,0,6,1,2,4,6,8,2,9,1
997,10,2,0,4,5,0,0,3,7,0,2,6,3,6,9,7,1
998,9,2,0,4,1,0,2,1,7,1,0,6,8,4,10,3,0
999,9,2,0,4,7,0,0,2,5,0,2,8,10,9,5,10,1
1000,1,0,0,4,8,0,1,0,7,1,0,3,8,3,2,6,0
1001,7,1,0,4,8,1,2,3,3,0,0,7,9,1,10,4,0
1002,6,0,0,4,8,0,0,1,2,1,0,8,3,1,6,4,0
1003,3,0,0,4,10,1,1,2,1,0,0,5,7,6,2,1,0
1004,7,1,0,4,1,0,2,0,4,1,0,4,1,7,8,6,0
1005,3,0,0,4,8,1,0,3,5,0,0,1,5,2,9,2,0
1006,4,0,0,4,9,0,1,1,5,1,0,10,9,10,9,4,0
1007,7,1,0,4,9,1,2,2,1,0,0,8,1,9,10,6,1
1008,1,0,0,4,8,0,0,0,5,1,0,2,4,3,1,3,0
1009,5,0,0,4,4,1,1,3,6,0,0,1,9,7,7,3,0
1010,7,1,0,4,5,0,2,1,3,1,0,5,10,7,8,5,0
1011,10,2,0,4,6,0,0,2,5,0,2,2,4,10,2,8,1
1012,3,0,0,4,6,0,1,0,3,1,0,8,9,8,1,6,0
1013,9,2,0,4,5,0,0,3,10,0,2,1,2,9,6,8,1
1014,10,2,1,4,9,0,0,1,6,1,2,9,9,9,8,7,1
1015,2,0,0,4,3,1,1,2,1,0,0,3,7,1,2,5,0
1016,7,1,0,4,9,0,2,0,7,1,0,8,5,2,3,5,0
1017,7,1,0,4,7,1,0,3,6,0,1,10,2,3,2,8,1
1018,10,2,1,4,6,0,0,1,10,1,2,3,5,4,10,8,1
1019,7,1,0,4,10,1,2,2,7,0,0,6,2,7,5,5,0
1020,2,0,0,4,6,0,0,0,3,1,0,3,10,1,1,2,0
1021,4,0,0,4,5,1,1,3,5,0,0,8,5,2,10,6,0
1022,7,1,1,4,7,0,2,1,7,1,0,7,7,5,8,6,0
1023,2,0,0,4,10,1,0,2,6,0,0,3,6,3,1,1,0
1024,1,0,0,4,4,0,1,0,3,1,0,7,6,2,2,2,0
1025,7,1,0,4,5,1,2,3,4,0,0,8,1,3,8,6,0
1026,8,1,1,4,9,0,0,1,5,1,1,7,10,9,4,4,0
1027,5,0,0,4,4,1,1,2,3,0,0,10,2,7,10,6,0
1028,7,1,0,4,1,0,2,0,7,1,0,7,8,5,7,10,0
1029,4,0,0,4,5,1,0,3,1,0,0,6,3,8,8,6,0
1030,1,0,0,4,3,0,1,1,5,1,0,1,4,8,3,4,0
1031,7,1,0,4,9,1,2,2,2,0,0,7,7,9,10,7,1
1032,5,0,0,4,9,0,0,0,1,1,0,5,2,9,10,4,0
1033,7,1,0,4,3,1,1,3,6,0,2,9,7,8,5,3,0
1034,7,1,1,4,8,0,2,1,5,1,0,6,10,6,4,2,0
1035,1,0,0,4,9,1,0,2,4,0,0,5,9,6,10,3,0
1036,3,0,0,4,2,0,1,0,4,1,0,1,1,5,6,2,0
1037,9,2,0,4,6,0,0,3,8,0,2,7,5,5,4,10,1
1038,2,0,0,4,8,0,0,1,6,1,0,8,4,2,6,1,0
1039,4,0,0,4,2,1,1,2,5,0,0,7,9,1,4,4,0
1040,8,1,1,4,8,0,2,0,3,1,0,4,8,8,4,9,1
1041,6,0,0,4,4,1,0,3,4,0,0,5,8,7,8,2,0
1042,0,0,0,4,5,0,1,1,1,1,0,6,10,10,5,2,0
1043,10,2,0,4,7,0,0,2,9,0,2,7,7,1,5,9,1
1044,8,1,1,4,2,0,0,0,3,1,1,9,4,1,2,4,0
1045,9,2,0,4,5,0,0,3,8,0,2,3,8,6,2,10,1
1046,7,1,0,4,7,0,2,1,6,1,0,4,2,8,4,3,0
1047,3,0,0,4,8,1,0,2,7,0,0,3,9,6,7,3,0
1048,4,0,0,4,3,0,1,0,1,1,0,4,6,7,6,3,0
1049,7,1,0,4,7,1,2,3,7,0,0,8,10,10,10,10,1
1050,4,0,0,4,9,0,0,1,5,1,0,5,4,10,8,4,0
1051,1,0,0,4,8,1,1,2,5,0,0,3,7,1,10,6,0
1052,7,1,0,4,1,0,2,0,6,1,0,5,5,10,2,6,0
1053,6,0,0,4,7,1,0,3,6,0,0,1,5,7,1,1,0
1054,1,0,0,4,4,0,1,1,4,1,0,5,4,4,4,1,0
1055,7,1,0,4,5,1,2,2,6,0,0,7,1,4,3,5,1
1056,8,1,1,4,1,0,0,0,3,1,1,1,3,8,4,10,0
1057,9,2,0,4,6,0,0,3,5,0,2,8,9,9,4,10,1
1058,7,1,0,4,9,0,2,1,5,1,0,7,7,3,10,7,0
1059,0,0,0,4,2,1,0,2,4,0,0,6,3,3,1,4,0
1060,6,0,0,4,8,0,1,0,2,1,0,1,10,6,8,3,0
1061,7,1,0,4,4,1,2,3,4,0,0,4,9,5,4,7,0
1062,8,1,1,4,10,0,0,1,1,1,1,9,10,5,7,9,1
1063,3,0,0,4,6,1,1,2,4,0,0,8,8,6,8,2,0
1064,9,2,1,4,10,0,0,0,7,1,2,5,5,5,1,10,1
1065,4,0,0,4,6,1,0,3,1,0,0,3,7,5,5,4,0
1066,6,0,0,4,8,0,1,1,1,1,0,6,6,3,4,6,0
1067,10,2,0,4,6,0,0,2,5,0,2,9,5,7,4,9,1
1068,8,1,1,4,8,0,0,0,7,1,1,2,9,7,1,10,1
1069,0,0,0,4,10,1,1,3,4,0,0,5,2,10,9,4,0
1070,10,2,1,4,3,0,0,1,7,1,2,1,4,10,10,7,1
1071,5,0,0,4,8,1,0,2,5,0,0,9,3,3,10,5,0
1072,10,2,1,4,9,0,0,0,7,1,2,3,3,3,9,8,1
1073,7,1,0,4,3,1,2,3,5,0,0,6,5,8,4,4,0
1074,6,0,0,4,2,0,0,1,6,1,0,4,2,10,10,4,0
1075,4,0,0,4,8,1,1,2,1,0,0,1,9,2,3,2,0
1076,7,1,0,4,1,0,2,0,5,1,0,5,9,1,8,8,0
1077,1,0,0,4,10,1,0,3,6,0,0,9,8,8,10,4,0
1078,3,0,0,4,7,0,1,1,2,1,0,4,1,7,7,2,0
1079,10,2,0,4,5,0,0,2,6,0,2,1,1,1,7,7,1
1080,6,0,0,4,6,0,0,0,6,1,0,6,4,5,7,6,1
1081,9,2,0,4,5,0,0,3,9,0,2,7,10,6,5,10,1
1082,10,2,1,4,7,0,0,1,7,1,2,9,7,3,9,8,1
1083,1,0,0,4,6,1,0,2,6,0,0,5,5,1,7,5,0
1084,0,0,0,4,2,0,1,0,5,1,0,7,2,1,10,6,0
1085,7,1,0,4,4,1,2,3,2,0,0,7,9,10,6,8,0
1086,9,2,1,4,9,0,0,1,9,1,2,9,9,4,3,8,1
1087,5,0,0,4,10,1,1,2,5,0,0,2,9,1,8,4,0
1088,7,1,0,4,4,0,2,0,3,1,0,4,6,5,6,1,0
1089,4,0,0,4,8,1,0,3,7,0,0,8,1,2,5,2,0
1090,9,2,1,4,9,0,0,1,7,1,2,8,3,2,7,8,1
1091,7,1,0,4,8,1,2,2,3,0,0,5,10,6,10,8,0
1092,0,0,0,4,3,0,0,0,4,1,0,8,1,6,5,4,0
1093,3,0,0,4,10,1,1,3,6,0,0,1,7,5,9,1,0
1094,7,1,0,4,5,0,2,1,6,1,0,4,3,2,6,9,1
1095,10,2,0,4,7,0,1,2,5,0,2,6,5,8,2,7,1
1096,4,0,0,4,10,0,1,0,7,1,0,8,2,1,6,3,0
1097,7,1,0,4,5,1,2,3,7,0,0,8,6,2,10,9,0
1098,6,0,0,4,9,0,0,1,7,1,0,7,2,4,4,4,0
1099,9,2,0,4,7,0,0,2,10,0,2,8,3,8,8,9,1
1100,7,1,0,4,1,0,2,0,2,1,0,7,5,2,2,5,0
1101,8,1,0,4,9,1,0,3,6,0,1,1,5,3,4,7,1
1102,8,1,1,4,5,0,1,1,3,1,2,6,8,6,6,9,0
1103,7,1,0,4,7,1,2,2,6,0,0,8,10,4,6,10,1
1104,1,0,0,4,6,0,0,0,4,1,0,2,2,4,1,3,0
1105,9,2,0,4,5,0,0,3,10,0,2,8,4,7,8,7,1
1106,9,2,1,4,7,0,0,1,10,1,2,1,10,10,5,9,1
1107,8,1,0,4,2,1,0,2,1,0,1,1,9,1,2,9,0
1108,6,0,0,4,6,0,1,0,3,1,0,2,4,2,3,4,0
1109,7,1,0,4,6,1,2,3,5,0,0,7,5,8,1,8,1
1110,4,0,0,4,10,0,0,1,1,1,0,10,6,7,6,2,0
1111,10,2,0,4,7,0,0,2,10,0,2,10,6,3,9,10,1
1112,7,1,0,4,9,0,2,0,2,1,0,8,3,2,1,9,1
1113,9,2,0,4,7,0,0,3,7,0,2,5,3,10,8,9,1
1114,2,0,0,4,8,0,1,1,1,1,0,2,8,5,6,6,0
1115,8,1,0,4,8,1,2,2,1,0,0,6,6,1,7,7,0
1116,6,0,0,4,7,0,0,0,1,1,0,8,9,6,10,5,0
1117,1,0,0,4,4,1,1,3,3,0,0,4,8,8,3,3,0
1118,7,1,0,4,6,0,2,1,3,1,0,4,6,2,3,1,0
1119,4,0,0,4,5,1,0,2,2,0,0,5,7,4,3,2,0
1120,0,0,0,4,7,0,1,0,2,1,0,8,1,7,6,5,0
1121,7,1,0,4,4,1,2,3,1,0,0,6,9,1,5,4,0
1122,8,1,1,4,10,0,0,1,4,1,1,2,5,4,5,3,1
1123,10,2,0,4,5,0,0,2,10,0,2,5,8,5,5,8,1
1124,7,1,0,4,2,0,2,0,7,1,0,8,10,3,8,2,0
1125,6,0,0,4,9,1,0,3,6,0,0,7,1,9,9,6,0
1126,8,1,1,4,3,0,1,1,4,1,2,7,2,10,3,7,0
1127,7,1,0,4,5,1,2,2,4,0,0,8,7,10,7,2,0
1128,7,1,1,4,8,0,0,0,4,1,1,8,4,6,7,8,1
1129,5,0,0,4,8,1,1,3,1,0,0,7,6,5,7,4,0
1130,7,1,0,4,8,0,2,1,6,1,0,4,9,7,7,3,0
1131,4,0,0,4,8,1,0,2,3,0,0,10,9,9,3,3,0
1132,1,0,0,4,3,0,1,0,3,1,0,3,9,2,10,1,0
1133,9,2,0,4,7,0,0,3,5,0,2,6,5,8,10,10,1
1134,3,0,0,4,4,0,0,1,2,1,0,3,4,5,8,4,0
1135,5,0,0,4,5,1,1,2,7,0,0,5,6,8,8,3,0
1136,7,1,0,4,7,0,2,0,1,1,0,8,8,7,4,4,0
1137,1,0,0,4,9,1,0,3,4,0,0,5,4,1,10,4,0
1138,9,2,1,4,6,0,0,1,9,1,2,1,4,6,6,9,1
1139,9,2,0,4,6,0,0,2,9,0,2,5,2,2,1,7,1
1140,3,0,0,4,3,0,0,0,5,1,0,3,6,6,1,1,0
1141,0,0,0,4,4,1,1,3,7,0,0,3,9,5,9,1,0
1142,8,1,1,4,8,0,2,1,4,1,0,4,4,10,2,8,1
1143,4,0,0,4,3,1,0,2,6,0,0,8,9,9,6,4,0
1144,5,0,0,4,6,0,1,0,1,1,0,5,3,9,7,6,1
1145,7,1,0,4,9,1,2,3,2,0,0,7,10,4,1,1,0
1146,1,0,0,4,1,0,0,1,2,1,0,1,1,6,10,6,0
1147,5,0,0,4,9,1,1,2,3,0,0,10,3,8,5,4,0
1148,7,1,0,4,7,0,2,0,3,1,0,8,2,2,1,8,1
1149,1,0,0,4,6,1,0,3,6,0,0,8,3,10,3,2,0
1150,5,0,0,4,2,0,1,1,6,1,0,2,1,2,1,2,0
1151,10,2,0,4,6,0,0,2,9,0,2,3,7,3,2,9,1
1152,10,2,1,4,9,0,0,0,6,1,2,6,8,1,5,10,1
1153,1,0,0,4,1,1,1,3,7,0,0,9,8,5,10,6,0
1154,7,1,0,4,4,0,2,1,6,1,0,6,1,9,5,7,0
1155,1,0,0,4,5,1,0,2,1,0,0,7,10,3,1,3,0
1156,4,0,0,4,7,0,1,0,5,1,0,4,5,4,4,5,0
1157,10,2,0,4,5,0,0,3,5,0,2,9,3,1,8,8,1
1158,3,0,0,4,1,0,0,1,1,1,0,10,7,5,10,4,0
1159,5,0,0,4,2,1,1,2,6,0,0,5,4,10,1,4,0
1160,7,1,0,4,3,0,2,0,3,1,0,7,8,5,6,9,0
1161,2,0,0,4,8,1,0,3,1,0,0,10,5,9,2,6,0
1162,6,0,0,4,5,0,1,1,1,1,0,8,1,9,7,1,0
1163,7,1,0,4,9,1,2,2,4,0,0,7,2,5,5,2,0
1164,8,1,1,4,8,0,0,0,5,1,1,6,1,10,9,8,1
1165,7,1,0,4,1,1,1,3,4,0,2,8,3,10,1,4,0
1166,7,1,0,4,1,0,2,1,3,1,0,7,3,10,2,4,0
1167,9,2,0,4,6,0,0,2,10,0,2,7,8,5,7,9,1
1168,9,2,1,4,3,0,0,0,5,1,2,8,9,5,10,10,0
1169,7,1,0,4,7,1,2,3,2,0,0,4,3,10,2,4,0
1170,5,0,0,4,7,0,0,1,2,1,0,1,7,7,6,2,0
1171,5,0,0,4,9,1,1,2,6,0,0,9,6,2,8,5,0
1172,7,1,0,4,2,0,2,0,1,1,0,4,10,7,2,5,0
1173,3,0,0,4,9,1,0,3,7,0,0,8,2,10,6,6,0
1174,7,1,1,4,7,0,1,1,3,1,2,3,10,7,5,7,0
1175,7,1,0,4,3,1,2,2,5,0,0,7,3,3,3,10,1
1176,9,2,1,4,4,0,0,0,10,1,2,6,2,2,3,9,1
1177,4,0,0,4,5,1,1,3,5,0,0,9,2,1,9,2,0
1178,7,1,0,4,8,0,2,1,5,1,0,6,7,1,5,1,0
1179,0,0,0,4,5,1,0,2,1,0,0,9,10,8,3,2,0
1180,4,0,0,4,1,0,1,0,6,1,0,7,4,3,10,4,0
1181,7,1,0,4,6,1,2,3,5,0,0,7,10,6,2,3,0
1182,1,0,0,4,2,0,0,1,1,1,0,6,5,5,8,5,0
1183,7,1,0,4,8,1,1,2,7,0,2,6,7,2,1,7,1
1184,9,2,1,4,1,0,0,0,9,1,2,9,7,1,3,8,1
1185,5,0,0,4,4,1,0,3,6,0,0,2,5,1,10,2,0
1186,2,0,0,4,8,0,1,1,3,1,0,1,10,2,6,1,0
1187,7,1,0,4,9,1,2,2,5,0,0,5,9,4,6,3,0
1188,2,0,0,4,3,0,0,0,4,1,0,9,5,4,6,6,0
1189,7,1,0,4,6,1,1,3,7,0,2,5,2,3,2,4,1
1190,7,1,0,4,3,0,2,1,6,1,0,8,4,2,5,6,1
1191,5,0,0,4,6,1,0,2,7,0,0,2,5,9,1,1,0
1192,6,0,0,4,1,0,1,0,4,1,0,3,4,9,6,6,0
1193,9,2,0,4,7,0,0,3,5,0,2,8,4,3,6,7,1
1194,5,0,0,4,2,0,0,1,5,1,0,1,10,9,5,6,0
1195,10,2,0,4,6,0,0,2,8,0,2,3,2,3,3,7,1
1196,7,1,0,4,9,0,2,0,5,1,0,4,5,4,1,2,0
1197,9,2,0,4,6,0,0,3,10,0,2,3,3,9,9,9,1
1198,6,0,0,4,7,0,1,1,6,1,0,8,6,10,10,2,0
1199,7,1,0,4,4,1,2,2,1,0,0,7,7,6,10,8,0
1200,7,1,1,4,10,0,0,0,3,1,1,4,2,2,1,8,1
1201,7,1,0,4,10,1,1,3,3,0,2,4,2,6,7,6,1
1202,7,1,0,4,4,0,2,1,2,1,0,6,10,10,6,9,0
1203,3,0,0,4,6,1,0,2,6,0,0,1,10,10,10,2,0
1204,4,0,0,4,7,0,1,0,4,1,0,4,1,9,4,2,0
1205,7,1,0,4,5,1,2,3,2,0,0,4,1,8,4,5,0
1206,0,0,0,4,8,0,0,1,5,1,0,7,6,9,4,5,0
1207,4,0,0,4,8,1,1,2,7,0,0,6,3,8,4,1,0
1208,7,1,0,4,10,0,2,0,2,1,0,7,3,7,1,9,1
1209,10,2,0,4,7,0,0,3,6,0,2,2,10,6,10,10,1
1210,4,0,0,4,2,0,1,1,6,1,0,7,6,1,2,3,0
1211,7,1,0,4,1,1,2,2,7,0,0,5,2,8,8,6,0
1212,0,0,0,4,5,0,0,0,7,1,0,5,8,8,9,5,0
1213,2,0,0,4,7,1,1,3,6,0,0,2,8,4,6,2,0
1214,7,1,0,4,1,0,2,1,3,1,0,4,5,4,5,3,0
1215,1,0,0,4,10,1,0,2,3,0,0,7,1,9,9,5,0
1216,3,0,0,4,10,0,1,0,2,1,0,7,8,4,7,2,0
1217,7,1,0,4,10,1,2,3,3,0,0,7,4,9,2,10,1
1218,8,1,1,4,4,0,0,1,4,1,1,9,8,6,1,1,0
1219,5,0,0,4,1,1,1,2,4,0,0,3,10,7,1,2,0
1220,10,2,1,4,2,0,0,0,8,1,2,10,1,8,6,9,1
1221,8,1,0,4,8,1,0,3,3,0,1,7,1,5,4,4,0
1222,4,0,0,4,9,0,1,1,1,1,0,2,6,7,6,5,0
1223,7,1,0,4,10,1,2,2,2,0,0,4,5,2,6,5,1
1224,4,0,0,4,10,0,0,0,5,1,0,3,5,2,6,5,0
1225,0,0,0,4,9,1,1,3,5,0,0,10,7,1,6,5,0
1226,7,1,0,4,6,0,2,1,6,1,0,6,1,2,9,10,1
1227,6,0,0,4,2,1,0,2,6,0,0,9,1,8,1,5,0
1228,0,0,0,4,8,0,1,0,2,1,0,4,1,7,3,6,0
1229,8,1,0,4,8,1,2,3,3,0,0,6,5,1,7,10,0
1230,7,1,1,4,2,0,0,1,5,1,1,10,3,5,8,6,0
1231,5,0,0,4,2,1,1,2,6,0,0,6,6,4,7,3,0
1232,8,1,1,4,1,0,2,0,3,1,0,6,7,8,3,2,0
1233,2,0,0,4,2,1,0,3,4,0,0,10,3,7,7,6,0
1234,2,0,0,4,2,0,1,1,6,1,0,1,8,7,5,4,0
1235,7,1,0,4,2,1,2,2,6,0,0,8,2,4,4,3,0
1236,9,2,1,4,4,0,0,0,10,1,2,10,4,5,4,9,1
1237,6,0,0,4,9,1,1,3,1,0,0,5,7,10,9,2,0
1238,8,1,1,4,7,0,2,1,1,1,0,6,2,4,6,9,1
1239,10,2,0,4,6,0,0,2,7,0,2,6,10,10,5,9,1
1240,6,0,0,4,10,0,1,0,1,1,0,10,1,5,6,1,0
1241,8,1,0,4,5,1,2,3,7,0,0,5,5,6,3,8,1
1242,6,0,0,4,6,0,0,1,4,1,0,10,2,5,2,6,1
1243,9,2,0,4,7,0,0,2,6,0,2,2,4,9,3,8,1
1244,7,1,0,4,7,0,2,0,6,1,0,6,2,10,7,4,0
1245,9,2,0,4,7,0,0,3,7,0,2,10,7,8,8,7,1
1246,8,1,1,4,9,0,1,1,6,1,2,8,3,5,5,1,0
1247,10,2,0,4,7,0,0,2,8,0,2,7,2,3,8,10,1
1248,1,0,0,4,6,0,0,0,4,1,0,8,3,10,5,5,0
1249,5,0,0,4,5,1,1,3,4,0,0,5,3,7,5,1,0
1250,7,1,0,4,1,0,2,1,6,1,0,7,7,2,2,6,0
1251,8,1,0,4,4,1,0,2,6,0,1,9,7,2,7,1,0
1252,0,0,0,4,6,0,1,0,1,1,0,3,9,4,6,2,0
1253,7,1,0,4,6,1,2,3,1,0,0,8,5,1,7,10,0
1254,6,0,0,4,8,0,0,1,3,1,0,10,8,5,8,2,0
1255,5,0,0,4,4,1,1,2,1,0,0,10,4,1,4,1,0
1256,10,2,1,4,7,0,0,0,8,1,2,10,8,8,1,8,1
1257,10,2,0,4,6,0,0,3,10,0,2,9,7,4,4,9,1
1258,6,0,0,4,6,0,1,1,4,1,0,5,5,5,2,3,0
1259,7,1,0,4,5,1,2,2,2,0,0,8,10,2,9,2,0
1260,5,0,0,4,5,0,0,0,5,1,0,4,3,2,3,5,0
1261,8,1,0,4,4,1,1,3,6,0,2,9,8,4,3,9,1
1262,7,1,0,4,2,0,2,1,6,1,0,5,9,7,2,10,0
1263,9,2,0,4,6,0,0,2,7,0,2,8,1,2,4,10,1
1264,9,2,1,4,3,0,0,0,9,1,2,10,1,3,1,7,1
1265,7,1,0,4,5,1,2,3,3,0,0,7,10,7,8,2,0
1266,5,0,0,4,9,0,0,1,3,1,0,9,7,2,8,4,0
1267,1,0,0,4,5,1,1,2,4,0,0,3,1,3,7,2,0
1268,7,1,1,4,4,0,2,0,5,1,0,4,1,8,8,10,0
1269,7,1,0,4,8,1,0,3,2,0,1,3,3,4,8,4,1
1270,1,0,0,4,1,0,1,1,2,1,0,3,4,7,3,1,0
1271,7,1,0,4,1,1,2,2,4,0,0,7,9,2,7,6,0
1272,5,0,0,4,4,0,0,0,4,1,0,4,4,7,8,1,0
1273,6,0,0,4,4,1,1,3,6,0,0,8,1,3,6,1,0
1274,7,1,0,4,3,0,2,1,7,1,0,6,10,8,8,1,0
1275,1,0,0,4,1,1,0,2,3,0,0,8,1,4,2,5,0
1276,2,0,0,4,7,0,1,0,2,1,0,8,3,5,3,5,0
1277,7,1,0,4,5,1,2,3,7,0,0,7,6,3,5,3,0
1278,3,0,0,4,8,0,0,1,2,1,0,1,4,2,1,1,0
1279,3,0,0,4,8,1,1,2,1,0,0,4,3,5,8,2,0
1280,9,2,1,4,2,0,0,0,9,1,2,10,4,7,4,8,1
1281,2,0,0,4,1,1,0,3,3,0,0,9,8,8,3,4,0
1282,6,0,0,4,3,0,1,1,3,1,0,9,8,5,4,6,0
1283,7,1,0,4,9,1,2,2,5,0,0,4,10,2,1,8,1
1284,3,0,0,4,10,0,0,0,4,1,0,8,5,9,5,6,0
1285,9,2,0,4,5,0,0,3,10,0,2,1,10,3,8,9,1
1286,7,1,1,4,5,0,2,1,2,1,0,5,9,2,3,5,0
1287,3,0,0,4,5,1,0,2,3,0,0,5,10,9,3,4,0
1288,7,1,1,4,7,0,1,0,3,1,2,5,3,4,8,3,0
1289,10,2,0,4,5,0,0,3,10,0,2,6,4,8,7,8,1
1290,7,1,1,4,7,0,0,1,6,1,1,9,1,2,5,10,1
1291,9,2,0,4,6,0,0,2,5,0,2,7,2,10,2,10,1
1292,7,1,0,4,1,0,2,0,7,1,0,4,6,2,8,4,0
1293,2,0,0,4,10,1,0,3,6,0,0,1,8,10,1,1,0
1294,4,0,0,4,4,0,1,1,2,1,0,9,1,2,6,4,0
1295,8,1,0,4,8,1,2,2,5,0,0,4,2,6,7,10,1
1296,8,1,1,4,1,0,0,0,3,1,1,7,8,3,3,9,0
1297,3,0,0,4,9,1,1,3,3,0,0,1,6,8,9,6,0
1298,10,2,1,4,10,0,0,1,7,1,2,6,6,7,9,10,1
1299,8,1,0,4,5,1,0,2,6,0,1,2,9,3,9,4,0
1300,4,0,0,4,9,0,1,0,5,1,0,3,5,4,8,6,0
1301,7,1,0,4,6,1,2,3,1,0,0,4,7,2,6,8,0
1302,1,0,0,4,9,0,0,1,7,1,0,4,1,7,7,3,0
1303,7,1,0,4,5,1,1,2,5,0,2,5,10,7,6,10,0
1304,7,1,0,4,10,0,2,0,1,1,0,6,4,8,8,7,1
1305,6,0,0,4,8,1,0,3,3,0,0,2,6,8,7,2,0
1306,1,0,0,4,5,0,1,1,3,1,0,5,3,6,5,5,0
1307,10,2,0,4,7,0,0,2,6,0,2,7,9,10,3,10,1
1308,4,0,0,4,3,0,0,0,5,1,0,3,5,6,9,3,0
1309,4,0,0,4,7,1,1,3,7,0,0,5,8,9,5,1,0
1310,7,1,0,4,5,0,2,1,3,1,0,4,2,7,1,3,0
1311,8,1,0,4,1,1,0,2,7,0,1,8,10,4,6,4,0
1312,10,2,1,4,1,0,0,0,10,1,2,7,2,6,2,9,1
1313,7,1,0,4,4,1,2,3,4,0,0,4,2,10,8,5,0
1314,7,1,1,4,1,0,0,1,1,1,1,4,4,6,9,1,0
1315,0,0,0,4,1,1,1,2,7,0,0,8,10,3,1,3,0
1316,7,1,0,4,4,0,2,0,2,1,0,8,7,6,10,5,0
1317,2,0,0,4,10,1,0,3,6,0,0,8,4,9,2,1,0
1318,4,0,0,4,7,0,1,1,5,1,0,6,4,10,10,3,0
1319,7,1,0,4,8,1,2,2,2,0,0,5,3,5,1,8,1
1320,1,0,0,4,1,0,0,0,3,1,0,9,4,10,4,2,0
1321,7,1,0,4,6,1,1,3,1,0,2,1,10,2,8,2,0
1322,7,1,0,4,6,0,2,1,6,1,0,8,3,9,5,9,1
1323,5,0,0,4,4,1,0,2,2,0,0,10,9,1,6,3,0
1324,9,2,1,4,7,0,0,0,9,1,2,6,10,9,9,10,1
1325,7,1,0,4,6,1,2,3,2,0,0,7,1,6,7,8,1
1326,5,0,0,4,5,0,0,1,6,1,0,4,6,8,8,1,0
1327,8,1,0,4,4,1,1,2,1,0,2,5,8,4,7,1,0
1328,7,1,0,4,5,0,2,0,2,1,0,7,2,10,8,4,0
1329,0,0,0,4,10,1,0,3,6,0,0,1,8,9,3,4,0
1330,9,2,1,4,4,0,0,1,10,1,2,6,9,6,3,9,1
1331,7,1,0,4,2,1,2,2,7,0,0,6,9,3,8,9,0
1332,7,1,1,4,2,0,0,0,2,1,1,9,9,8,3,2,0
1333,6,0,0,4,7,1,1,3,4,0,0,7,2,1,5,4,0
1334,7,1,0,4,4,0,2,1,2,1,0,6,3,5,6,3,0
1335,2,0,0,4,6,1,0,2,1,0,0,1,8,2,8,6,0
1336,6,0,0,4,10,0,1,0,4,1,0,8,5,3,7,6,0
1337,7,1,0,4,3,1,2,3,3,0,0,6,6,5,2,8,0
1338,2,0,0,4,9,0,0,1,7,1,0,3,1,3,7,5,1
1339,5,0,0,4,8,1,1,2,6,0,0,10,1,4,7,5,0
1340,10,2,1,4,10,0,0,0,9,1,2,2,7,1,1,7,1
1341,9,2,0,4,6,0,0,3,8,0,2,8,9,7,6,9,1
1342,8,1,1,4,10,0,1,1,6,1,2,3,9,3,6,4,0
1343,7,1,0,4,10,1,2,2,3,0,0,7,2,7,2,9,1
1344,8,1,1,4,6,0,0,0,6,1,1,2,1,4,7,6,1
1345,10,2,0,4,6,0,0,3,8,0,2,10,6,5,1,10,1
1346,7,1,0,4,6,0,2,1,2,1,0,4,10,5,6,3,0
1347,9,2,0,4,5,0,0,2,5,0,2,8,5,3,6,10,1
1348,2,0,0,4,5,0,1,0,7,1,0,5,3,8,6,5,0
1349,7,1,0,4,6,1,2,3,3,0,0,6,3,7,9,1,0
1350,3,0,0,4,2,0,0,1,1,1,0,10,9,1,10,5,0
1351,7,1,0,4,8,1,1,2,1,0,2,3,2,2,4,2,0
1352,10,2,1,4,10,0,0,0,5,1,2,6,2,3,6,8,1
1353,1,0,0,4,2,1,0,3,2,0,0,9,6,8,8,6,0
1354,9,2,1,4,7,0,0,1,8,1,2,2,10,3,3,10,1
1355,10,2,0,4,7,0,0,2,10,0,2,1,1,3,5,7,1
1356,4,0,0,4,2,0,0,0,7,1,0,7,5,7,6,4,0
1357,7,1,0,4,5,1,1,3,2,0,2,7,2,3,8,5,0
1358,7,1,0,4,5,0,2,1,6,1,0,4,10,2,4,4,0
1359,4,0,0,4,2,1,0,2,5,0,0,2,4,1,5,5,0
1360,1,0,0,4,9,0,1,0,4,1,0,8,8,4,10,6,0
1361,7,1,0,4,10,1,2,3,1,0,0,6,5,9,10,2,0
1362,1,0,0,4,5,0,0,1,6,1,0,3,1,5,3,5,0
1363,5,0,0,4,1,1,1,2,6,0,0,10,9,6,6,3,0
1364,7,1,1,4,3,0,2,0,1,1,0,5,10,6,1,10,0
1365,6,0,0,4,7,1,0,3,6,0,0,7,3,1,10,4,0
1366,10,2,1,4,8,0,0,1,5,1,2,1,1,9,5,7,1
1367,7,1,0,4,4,1,2,2,4,0,0,5,4,4,10,2,0
1368,1,0,0,4,5,0,0,0,1,1,0,1,3,6,4,6,0
1369,4,0,0,4,9,1,1,3,4,0,0,4,5,7,2,1,0
1370,7,1,0,4,4,0,2,1,4,1,0,4,6,1,4,10,1
1371,5,0,0,4,7,1,0,2,6,0,0,2,7,8,5,1,0
1372,6,0,0,4,6,0,1,0,7,1,0,4,1,4,1,1,0
1373,8,1,0,4,8,1,2,3,2,0,0,5,3,6,5,7,1
1374,10,2,1,4,4,0,0,1,10,1,2,10,8,3,1,9,1
1375,7,1,0,4,1,1,1,2,3,0,2,5,10,6,9,3,0
1376,7,1,0,4,1,0,2,0,5,1,0,5,4,5,9,9,0
1377,10,2,0,4,7,0,0,3,7,0,2,10,5,3,7,10,1
1378,1,0,0,4,2,0,1,1,5,1,0,9,8,9,8,1,0
1379,7,1,0,4,5,1,2,2,1,0,0,5,8,3,6,6,0
1380,0,0,0,4,9,0,0,0,7,1,0,1,10,4,3,3,0
1381,8,1,0,4,1,1,1,3,5,0,2,9,10,4,4,7,1
1382,7,1,0,4,2,0,2,1,2,1,0,8,5,1,7,9,0
1383,6,0,0,4,5,1,0,2,1,0,0,6,2,3,6,4,0
1384,0,0,0,4,8,0,1,0,7,1,0,9,7,1,9,4,0
1385,7,1,0,4,1,1,2,3,1,0,0,6,6,10,2,5,0
1386,5,0,0,4,9,0,0,1,3,1,0,3,8,5,6,4,0
1387,2,0,0,4,2,1,1,2,7,0,0,8,3,7,1,6,0
1388,7,1,0,4,10,0,2,0,2,1,0,5,1,7,5,10,1
1389,10,2,0,4,6,0,0,3,9,0,2,7,9,10,5,9,1
1390,5,0,0,4,6,0,1,1,4,1,0,3,9,2,6,1,0
1391,10,2,0,4,6,0,0,2,8,0,2,1,6,3,5,7,1
1392,3,0,0,4,4,0,0,0,2,1,0,5,4,6,6,1,0
1393,1,0,0,4,8,1,1,3,2,0,0,1,4,6,6,5,0
1394,7,1,1,4,4,0,2,1,5,1,0,5,10,4,6,5,0
1395,10,2,0,4,5,0,0,2,8,0,2,8,8,6,7,8,1
1396,4,0,0,4,9,0,1,0,1,1,0,10,9,8,3,3,0
1397,7,1,0,4,6,1,2,3,1,0,0,4,3,3,6,2,0
1398,2,0,0,4,3,0,0,1,6,1,0,5,3,6,8,2,0
1399,7,1,0,4,5,1,1,2,3,0,2,8,9,10,1,10,1
1400,7,1,0,4,10,0,2,0,4,1,0,7,8,4,3,2,0
1401,7,1,0,4,3,1,0,3,6,0,1,4,7,8,9,1,0
1402,1,0,0,4,7,0,1,1,4,1,0,8,7,7,1,4,0
1403,7,1,0,4,1,1,2,2,2,0,0,6,1,8,4,10,0
1404,8,1,1,4,5,0,0,0,4,1,1,4,6,5,1,9,1
1405,1,0,0,4,4,1,1,3,2,0,0,5,2,3,5,4,0
1406,7,1,0,4,8,0,2,1,4,1,0,6,1,5,9,8,1
1407,9,2,0,4,5,0,0,2,7,0,2,8,2,2,4,8,1
1408,9,2,1,4,9,0,0,0,7,1,2,3,3,5,6,8,1
1409,7,1,0,4,6,1,2,3,2,0,0,8,5,7,4,8,1
1410,8,1,1,4,8,0,0,1,6,1,1,4,1,7,2,7,1
1411,8,1,0,4,2,1,1,2,6,0,2,4,4,4,5,10,1
1412,10,2,1,4,7,0,1,0,8,1,2,1,7,1,1,10,1
1413,5,0,0,4,9,1,0,3,1,0,0,9,9,10,10,1,0
1414,0,0,0,4,4,0,1,1,3,1,0,4,2,2,4,6,0
1415,10,2,0,4,7,0,0,2,8,0,2,9,7,9,5,10,1
1416,3,0,0,4,8,0,0,0,1,1,0,4,8,6,10,4,0
1417,5,0,0,4,8,1,1,3,7,0,0,5,2,7,3,4,0
1418,10,2,1,4,10,0,0,1,10,1,2,4,1,4,2,10,1
1419,9,2,0,4,6,0,0,2,9,0,2,9,7,2,8,8,1
1420,6,0,0,4,9,0,1,0,6,1,0,3,1,4,4,5,1
1421,7,1,0,4,10,1,2,3,1,0,0,5,3,10,7,10,1
1422,7,1,1,4,3,0,0,1,3,1,1,4,4,1,5,5,0
1423,8,1,0,4,2,1,1,2,7,0,2,3,4,10,10,5,0
1424,7,1,0,4,6,0,2,0,4,1,0,6,5,4,5,7,0
1425,1,0,0,4,5,1,0,3,7,0,0,6,1,10,7,6,0
1426,2,0,0,4,7,0,1,1,5,1,0,8,9,3,7,4,0
1427,7,1,0,4,4,1,2,2,5,0,0,8,4,6,10,10,1
1428,7,1,1,4,8,0,0,0,6,1,1,4,6,5,9,5,1
1429,6,0,0,4,3,1,1,3,7,0,0,5,5,2,2,2,0
1430,7,1,1,4,8,0,2,1,7,1,0,6,6,2,1,5,0
1431,6,0,0,4,2,1,0,2,1,0,0,9,10,9,3,4,0
1432,5,0,0,4,3,0,1,0,2,1,0,4,10,10,3,4,0
1433,10,2,0,4,7,0,0,3,7,0,2,5,9,3,1,9,1
1434,7,1,1,4,10,0,0,1,2,1,1,1,10,10,7,8,0
1435,1,0,0,4,1,1,1,2,2,0,0,2,9,8,4,6,0
1436,7,1,0,4,6,0,2,0,6,1,0,4,9,4,9,4,0
1437,10,2,0,4,5,0,1,3,6,0,2,4,6,7,1,10,1
1438,4,0,0,4,6,0,1,1,5,1,0,8,5,4,3,3,0
1439,8,1,0,4,2,1,2,2,4,0,0,7,1,5,2,5,0
1440,6,0,0,4,10,0,0,0,5,1,0,8,2,4,2,6,1
1441,10,2,0,4,7,0,0,3,7,0,2,8,1,6,3,10,1
1442,7,1,1,4,3,0,2,1,1,1,0,4,4,8,2,4,0
1443,3,0,0,4,9,1,0,2,3,0,0,8,2,9,9,1,0
1444,0,0,0,4,6,0,1,0,4,1,0,10,2,8,10,6,0
1445,7,1,0,4,1,1,2,3,1,0,0,4,1,7,9,10,0
1446,9,2,1,4,1,0,0,1,7,1,2,5,2,10,8,9,1
1447,0,0,0,4,8,1,1,2,4,0,0,1,10,5,5,5,0
1448,9,2,1,4,8,0,0,0,5,1,2,8,4,5,5,7,1
1449,6,0,0,4,1,1,0,3,4,0,0,8,5,4,5,3,0
1450,6,0,0,4,9,0,1,1,7,1,0,1,9,4,5,6,0
1451,9,2,0,4,7,0,0,2,8,0,2,2,1,1,9,10,1
1452,10,2,1,4,2,0,0,0,5,1,2,6,9,4,9,9,0
1453,8,1,0,4,4,1,1,3,3,0,2,4,7,6,7,7,0
1454,7,1,1,4,6,0,2,1,5,1,0,4,5,6,2,1,0
1455,9,2,0,4,5,0,0,2,9,0,2,5,6,5,9,8,1
1456,4,0,0,4,5,0,1,0,5,1,0,10,5,4,6,5,0
1457,7,1,0,4,4,1,2,3,5,0,0,8,6,5,5,8,0
1458,8,1,1,4,5,0,0,1,6,1,1,4,10,2,8,8,1
1459,7,1,0,4,5,1,1,2,6,0,2,8,6,8,4,3,0
1460,7,1,0,4,4,0,2,0,6,1,0,6,4,2,9,4,0
1461,7,1,0,4,10,1,0,3,5,0,1,4,3,9,8,1,0
1462,7,1,1,4,8,0,1,1,3,1,2,2,10,7,9,6,0
1463,7,1,0,4,1,1,2,2,7,0,0,5,10,9,9,10,0
1464,9,2,1,4,3,0,0,0,6,1,2,5,7,3,9,7,0
1465,8,1,0,4,1,1,1,3,4,0,2,7,5,7,10,8,0
1466,7,1,0,4,7,0,2,1,5,1,0,7,6,7,4,1,0
1467,0,0,0,4,7,1,0,2,1,0,0,7,2,8,9,4,0
1468,9,2,1,4,4,0,0,0,9,1,2,10,2,8,1,10,1
1469,7,1,0,4,6,1,2,3,2,0,0,7,10,9,3,5,0
1470,9,2,1,4,9,0,0,1,9,1,2,1,7,4,1,10,1
1471,6,0,0,4,2,1,1,2,4,0,0,6,6,9,5,6,0
1472,7,1,0,4,1,0,2,0,4,1,0,5,3,5,7,2,0
1473,10,2,0,4,6,0,0,3,6,0,2,4,9,6,2,10,1
1474,7,1,1,4,9,0,1,1,4,1,2,1,3,2,4,6,1
1475,8,1,0,4,9,1,2,2,5,0,0,6,3,3,6,7,1
1476,7,1,1,4,2,0,0,0,4,1,1,5,1,4,2,3,0
1477,1,0,0,4,3,1,1,3,2,0,0,9,6,7,2,4,0
1478,8,1,1,4,4,0,2,1,2,1,0,4,4,2,3,5,0
1479,3,0,0,4,6,1,0,2,7,0,0,8,2,8,7,3,0
1480,2,0,0,4,2,0,1,0,3,1,0,8,1,10,2,4,0
1481,9,2,0,4,7,0,0,3,7,0,2,1,10,10,5,9,1
1482,8,1,1,4,4,0,0,1,7,1,1,10,4,1,5,3,0
1483,9,2,0,4,5,0,0,2,6,0,2,2,4,7,9,9,1
1484,7,1,0,4,1,0,2,0,6,1,0,7,7,5,2,7,0
1485,4,0,0,4,5,1,0,3,5,0,0,6,3,4,9,6,0
1486,1,0,0,4,1,0,1,1,2,1,0,7,2,10,5,4,0
1487,9,2,0,4,5,0,0,2,9,0,2,10,6,2,1,8,1
1488,2,0,0,4,2,0,0,0,7,1,0,7,10,5,8,2,0
1489,6,0,0,4,3,1,1,3,1,0,0,6,1,6,4,4,0
1490,8,1,1,4,7,0,2,1,3,1,0,8,6,5,2,9,1
1491,1,0,0,4,6,1,0,2,7,0,0,10,8,10,1,2,0
1492,2,0,0,4,2,0,1,0,5,1,0,4,1,2,5,5,0
1493,7,1,0,4,1,1,2,3,1,0,0,7,4,3,6,3,0
1494,1,0,0,4,5,0,0,1,3,1,0,3,4,10,2,4,0
1495,0,0,0,4,9,1,1,2,3,0,0,3,7,6,8,2,0
1496,7,1,1,4,1,0,2,0,7,1,0,6,5,5,1,1,0
1497,7,1,0,4,5,1,0,3,4,0,1,1,10,6,5,2,0
1498,7,1,1,4,10,0,1,1,1,1,2,3,3,6,8,9,1
1499,7,1,0,4,7,1,2,2,5,0,0,5,1,4,4,5,1
1500,1,0,0,4,3,0,0,0,7,1,0,10,4,4,7,6,0
1501,3,0,0,4,1,1,1,3,3,0,0,1,1,7,1,5,0
1502,10,2,1,4,2,0,0,1,7,1,2,2,9,5,7,10,1
1503,10,2,0,4,5,0,0,2,5,0,2,3,3,3,8,7,1
1504,1,0,0,4,4,0,1,0,2,1,0,10,7,6,5,4,0
1505,7,1,0,4,6,1,2,3,3,0,0,6,9,8,4,4,0
1506,3,0,0,4,1,0,0,1,6,1,0,6,5,3,1,6,0
1507,5,0,0,4,6,1,1,2,1,0,0,5,5,6,4,3,0
1508,7,1,0,4,7,0,2,0,4,1,0,6,6,5,8,8,1
1509,5,0,0,4,9,1,0,3,1,0,0,1,9,9,5,3,0
1510,4,0,0,4,7,0,1,1,5,1,0,9,5,10,1,3,0
1511,7,1,0,4,10,1,2,2,6,0,0,6,8,4,7,6,0
1512,3,0,0,4,8,0,0,0,5,1,0,3,3,10,2,1,0
1513,4,0,0,4,4,1,1,3,7,0,0,4,4,9,4,1,0
1514,7,1,0,4,1,0,2,1,3,1,0,4,9,3,1,4,0
1515,0,0,0,4,9,1,0,2,4,0,0,2,1,1,1,3,0
1516,3,0,0,4,10,0,1,0,6,1,0,4,10,4,1,4,0
1517,7,1,0,4,6,1,2,3,7,0,0,6,6,8,8,9,1
1518,6,0,0,4,6,0,0,1,5,1,0,2,10,7,4,6,0
1519,10,2,0,4,6,0,0,2,6,0,2,4,7,2,9,7,1
1520,7,1,0,4,7,0,2,0,6,1,0,6,9,4,1,3,0
1521,8,1,0,4,3,1,0,3,2,0,1,8,8,4,5,3,0
1522,6,0,0,4,2,0,1,1,5,1,0,7,10,5,5,5,0
1523,10,2,0,4,7,0,0,2,9,0,2,7,5,9,8,7,1
1524,5,0,0,4,2,0,0,0,3,1,0,5,3,6,8,1,0
1525,2,0,0,4,10,1,1,3,6,0,0,3,1,6,1,5,0
1526,7,1,0,4,2,0,2,1,7,1,0,6,1,8,6,5,0
1527,7,1,0,4,8,1,0,2,6,0,1,6,3,2,10,3,0
1528,5,0,0,4,1,0,1,0,3,1,0,10,7,8,1,3,0
1529,7,1,0,4,9,1,2,3,6,0,0,6,10,2,9,2,0
1530,1,0,0,4,2,0,0,1,2,1,0,10,9,7,8,1,0
1531,5,0,0,4,3,1,1,2,3,0,0,8,9,4,10,6,0
1532,7,1,0,4,5,0,2,0,2,1,0,6,2,3,1,10,1
1533,10,2,0,4,5,0,0,3,6,0,2,1,1,8,4,9,1
1534,8,1,1,4,9,0,1,1,5,1,2,7,4,10,6,10,1
1535,7,1,0,4,1,1,2,2,4,0,0,4,1,5,8,10,0
1536,7,1,1,4,9,0,0,0,2,1,1,8,6,5,4,9,1
1537,7,1,0,4,3,1,1,3,3,0,2,9,10,8,10,2,0
1538,9,2,1,4,2,0,0,1,7,1,2,9,1,3,6,7,0
1539,4,0,0,4,7,1,0,2,5,0,0,1,4,3,6,2,0
1540,1,0,0,4,6,0,1,0,7,1,0,4,2,2,1,3,0
1541,7,1,0,4,1,1,2,3,3,0,0,4,1,4,4,3,0
1542,10,2,1,4,2,0,0,1,8,1,2,6,8,8,9,7,0
1543,1,0,0,4,10,1,1,2,2,0,0,10,9,8,1,1,0
1544,7,1,0,4,8,0,2,0,6,1,0,6,4,3,2,3,0
1545,6,0,0,4,7,1,0,3,6,0,0,8,7,5,2,3,0
1546,10,2,1,4,8,0,0,1,8,1,2,7,5,4,5,10,1
1547,7,1,0,4,5,1,2,2,3,0,0,7,7,8,7,4,0
1548,2,0,0,4,7,0,0,0,4,1,0,9,1,9,5,2,0
1549,9,2,0,4,7,0,0,3,6,0,2,1,7,3,7,9,1
1550,7,1,0,4,7,0,2,1,2,1,0,7,2,10,5,9,1
1551,1,0,0,4,9,1,0,2,7,0,0,1,4,7,5,5,0
1552,0,0,0,4,6,0,1,0,2,1,0,9,4,3,1,1,0
1553,7,1,0,4,3,1,2,3,1,0,0,6,9,9,5,4,0
1554,4,0,0,4,9,0,0,1,5,1,0,4,10,8,5,3,0
1555,8,1,0,4,8,1,1,2,6,0,2,2,5,8,7,7,1
1556,10,2,1,4,9,0,0,0,7,1,2,10,9,5,1,7,1
1557,8,1,0,4,7,1,0,3,6,0,1,3,4,5,3,5,1
1558,1,0,0,4,4,0,1,1,4,1,0,9,1,1,2,2,0
1559,7,1,0,4,3,1,2,2,4,0,0,6,6,9,6,3,0
1560,9,2,1,4,8,0,0,0,10,1,2,4,6,5,5,8,1
1561,2,0,0,4,7,1,1,3,2,0,0,9,9,6,9,6,0
1562,7,1,0,4,9,0,2,1,4,1,0,5,6,2,8,4,0
1563,7,1,0,4,4,1,0,2,5,0,1,5,3,3,4,10,1
1564,7,1,1,4,7,0,1,0,6,1,2,9,10,6,8,2,0
1565,7,1,0,4,7,1,2,3,4,0,0,5,5,5,9,9,1
1566,4,0,0,4,9,0,0,1,6,1,0,10,5,9,7,1,0
1567,1,0,0,4,8,1,1,2,5,0,0,8,9,2,5,5,0
1568,7,1,0,4,4,0,2,0,4,1,0,7,10,7,6,4,0
1569,8,1,0,4,9,1,0,3,1,0,1,7,9,2,8,6,0
1570,8,1,1,4,6,0,1,1,7,1,2,7,8,1,8,6,0
1571,7,1,0,4,9,1,2,2,1,0,0,4,10,9,8,7,0
1572,1,0,0,4,7,0,0,0,4,1,0,2,3,3,9,2,0
1573,0,0,0,4,8,1,1,3,1,0,0,1,9,10,10,1,0
1574,7,1,1,4,2,0,2,1,6,1,0,8,5,5,1,7,0
1575,4,0,0,4,6,1,0,2,6,0,0,10,1,1,2,2,0
1576,3,0,0,4,9,0,1,0,5,1,0,8,6,4,1,5,0
1577,7,1,0,4,1,1,2,3,3,0,0,8,5,7,2,9,0
1578,1,0,0,4,9,0,0,1,7,1,0,3,4,3,2,4,0
1579,3,0,0,4,9,1,1,2,3,0,0,10,5,9,6,4,0
1580,7,1,0,4,1,0,2,0,7,1,0,8,2,5,10,5,0
1581,10,2,0,4,5,0,0,3,7,0,2,7,8,4,1,9,1
1582,5,0,0,4,2,0,1,1,3,1,0,8,7,4,8,6,0
1583,9,2,0,4,5,0,0,2,7,0,2,8,2,3,6,7,1
1584,8,1,1,4,10,0,0,0,5,1,1,8,3,9,5,7,1
1585,7,1,0,4,10,1,1,3,5,0,2,4,5,5,4,7,1
1586,7,1,0,4,7,0,2,1,2,1,0,4,3,5,1,1,0
1587,4,0,0,4,7,1,0,2,3,0,0,10,10,2,4,2,0
1588,0,0,0,4,10,0,1,0,7,1,0,4,9,1,4,2,0
1589,7,1,0,4,7,1,2,3,7,0,0,5,8,2,5,2,0
1590,5,0,0,4,7,0,0,1,7,1,0,3,5,10,2,4,0
1591,0,0,0,4,5,1,1,2,3,0,0,1,4,1,1,4,0
1592,9,2,1,4,5,0,0,0,6,1,2,8,6,2,1,7,1
1593,2,0,0,4,6,1,0,3,4,0,0,4,2,9,4,4,0
1594,4,0,0,4,1,0,1,1,7,1,0,6,5,7,8,1,0
1595,7,1,0,4,6,1,2,2,4,0,0,7,10,9,9,5,0
1596,0,0,0,4,8,0,0,0,3,1,0,6,3,1,7,5,0
1597,4,0,0,4,1,1,1,3,3,0,0,6,4,6,1,6,0
1598,7,1,0,4,1,0,2,1,2,1,0,6,1,5,3,6,0
1599,10,2,0,4,6,0,0,2,9,0,2,10,4,6,3,7,1
1600,0,0,0,4,5,0,1,0,5,1,0,8,1,1,5,5,0
1601,10,2,0,4,5,0,0,3,5,0,2,7,6,9,5,8,1
1602,8,1,1,4,9,0,0,1,6,1,1,3,10,4,1,5,0
1603,5,0,0,4,8,1,1,2,5,0,0,2,2,7,10,1,1
1604,7,1,0,4,10,0,2,0,7,1,0,5,10,4,1,3,0
1605,5,0,0,4,8,1,0,3,1,0,0,7,7,6,5,4,0
1606,2,0,0,4,7,0,1,1,6,1,0,2,5,6,6,5,0
1607,7,1,0,4,1,1,2,2,6,0,0,4,7,8,4,3,0
1608,5,0,0,4,2,0,0,0,5,1,0,3,2,3,2,6,0
1609,7,1,0,4,5,1,1,3,3,0,2,8,3,5,1,9,1
1610,7,1,1,4,3,0,2,1,6,1,0,7,5,2,1,5,0
1611,10,2,0,4,7,0,0,2,9,0,2,1,6,5,5,9,1
1612,9,2,1,4,2,0,0,0,10,1,2,7,6,2,10,10,0
1613,7,1,0,4,1,1,2,3,5,0,0,8,8,7,4,8,0
1614,5,0,0,4,6,0,0,1,3,1,0,5,1,6,2,4,0
1615,1,0,0,4,3,1,1,2,2,0,0,8,1,6,10,1,0
1616,7,1,0,4,8,0,2,0,1,1,0,8,8,6,10,7,0
1617,3,0,0,4,5,1,0,3,1,0,0,7,7,8,10,3,0
1618,3,0,0,4,5,0,1,1,2,1,0,4,2,5,9,1,0
1619,7,1,0,4,4,1,2,2,7,0,0,5,8,8,6,2,0
1620,2,0,0,4,8,0,0,0,4,1,0,1,6,10,4,4,0
1621,2,0,0,4,4,1,1,3,5,0,0,4,5,9,9,6,0
1622,7,1,0,4,1,0,2,1,5,1,0,8,7,9,9,7,0
1623,9,2,0,4,6,0,0,2,5,0,2,8,8,5,8,10,1
1624,2,0,0,4,4,0,1,0,1,1,0,8,4,6,7,6,0
1625,7,1,0,4,1,1,2,3,6,0,0,5,7,5,9,6,0
1626,10,2,1,4,5,0,0,1,9,1,2,9,2,9,1,7,1
1627,9,2,0,4,7,1,0,2,9,0,2,4,3,4,3,10,1
1628,7,1,0,4,5,0,2,0,4,1,0,4,1,5,10,6,0
1629,9,2,0,4,7,0,0,3,7,0,2,9,4,6,2,10,1
1630,7,1,1,4,8,0,1,1,6,1,2,3,2,2,1,2,0
1631,7,1,0,4,9,1,2,2,1,0,0,7,3,5,3,8,1
1632,9,2,1,4,2,0,0,0,9,1,2,7,4,4,10,8,0
1633,6,0,0,4,9,1,1,3,1,0,0,3,9,8,9,6,0
1634,7,1,0,4,9,0,2,1,5,1,0,6,10,2,8,1,0
1635,7,1,0,4,7,1,0,2,5,0,1,8,7,1,9,7,0
1636,2,0,0,4,2,0,1,0,1,1,0,2,8,10,9,3,0
1637,7,1,1,4,5,1,2,3,4,0,0,5,4,10,4,10,1
1638,6,0,0,4,6,0,0,1,6,1,0,6,8,3,2,5,0
1639,1,0,0,4,6,1,1,2,3,0,0,8,8,9,8,3,0
1640,7,1,0,4,6,0,2,0,2,1,0,5,10,2,10,5,0
1641,2,0,0,4,3,1,0,3,4,0,0,3,7,6,3,5,0
1642,4,0,0,4,6,0,1,1,6,1,0,9,9,3,2,5,0
1643,10,2,0,4,7,0,0,2,5,0,2,8,9,7,10,10,1
1644,0,0,0,4,10,0,0,0,2,1,0,8,8,5,6,5,0
1645,3,0,0,4,7,1,1,3,4,0,0,7,1,2,2,1,0
1646,8,1,1,4,1,0,2,1,5,1,0,6,3,1,4,7,1
1647,4,0,0,4,9,1,0,2,1,0,0,8,9,4,3,6,0
1648,3,0,0,4,7,0,1,0,7,1,0,10,10,3,8,4,0
1649,7,1,0,4,4,1,2,3,2,0,0,5,8,3,9,10,0
1650,8,1,1,4,5,0,0,1,7,1,1,9,3,9,5,3,0
1651,6,0,0,4,9,1,1,2,2,0,0,8,5,9,5,2,0
1652,7,1,0,4,5,0,2,0,3,1,0,7,9,3,5,6,0
1653,10,2,0,4,7,0,0,3,5,0,2,10,6,6,1,10,1
1654,4,0,0,4,9,0,1,1,1,1,0,2,6,9,8,4,0
1655,10,2,0,4,5,1,0,2,5,0,2,1,8,3,2,8,1
1656,5,0,0,4,2,0,0,0,5,1,0,6,5,8,3,6,0
1657,2,0,0,4,2,1,1,3,3,0,0,3,2,9,3,6,0
1658,9,2,1,4,8,0,0,1,5,1,2,10,5,8,3,8,1
1659,5,0,0,4,1,1,0,2,3,0,0,4,6,2,2,1,0
1660,10,2,1,4,7,0,0,0,5,1,0,6,3,2,4,7,1
1661,7,1,0,4,5,1,2,3,3,0,0,8,9,2,10,2,0
1662,7,1,1,4,10,0,0,1,5,1,1,1,1,4,1,10,1
1663,9,2,0,4,7,0,0,2,5,0,2,6,5,10,7,9,1
1664,7,1,0,4,10,0,2,0,3,1,0,5,1,8,3,9,1
1665,2,0,0,4,4,1,0,3,1,0,0,2,9,1,4,3,0
1666,5,0,0,4,5,0,1,1,2,1,0,9,4,10,8,3,0
1667,7,1,0,4,2,1,2,2,6,0,0,6,8,4,9,1,0
1668,9,2,1,4,6,0,0,0,6,1,2,3,3,1,4,10,1
1669,2,0,0,4,3,1,1,3,4,0,0,4,9,5,1,2,0
1670,7,1,0,4,9,0,2,1,4,1,0,5,9,1,9,3,0
1671,0,0,0,4,6,1,0,2,6,0,0,9,1,3,5,4,0
1672,1,0,0,4,7,0,1,0,6,1,0,8,3,10,6,5,0
1673,7,1,0,4,7,1,2,3,2,0,0,7,8,10,8,2,0
1674,10,2,1,4,7,0,0,1,10,1,2,10,1,8,1,10,1
1675,0,0,0,4,3,1,1,2,6,0,0,8,8,2,5,3,0
1676,7,1,1,4,1,0,2,0,2,1,0,6,9,5,2,7,0
1677,0,0,0,4,6,1,0,3,6,0,0,4,1,7,9,3,0
1678,7,1,1,4,8,0,1,1,3,1,2,7,1,4,10,2,0
1679,7,1,0,4,6,1,2,2,3,0,0,5,8,7,6,2,0
1680,3,0,0,4,10,0,0,0,2,1,0,10,6,5,3,6,0
1681,5,0,0,4,2,1,1,3,7,0,0,5,6,10,3,2,0
1682,10,2,1,4,8,0,0,1,5,1,2,10,3,10,5,7,1
1683,9,2,1,4,7,0,0,2,8,0,0,3,7,1,1,8,1
1684,6,0,0,4,6,0,1,0,2,1,0,6,1,7,8,2,0
1685,7,1,1,4,9,1,2,3,7,0,0,7,8,6,8,4,0
1686,1,0,0,4,6,0,0,1,5,1,0,10,6,2,10,5,0
1687,3,0,0,4,6,1,1,2,1,0,0,3,2,3,5,5,0
1688,7,1,0,4,2,0,2,0,7,1,0,5,1,10,10,3,0
1689,10,2,0,4,6,0,0,3,10,0,2,7,2,1,1,9,1
1690,8,1,1,4,6,0,1,1,2,1,2,5,10,9,4,2,0
1691,7,1,0,4,10,1,2,2,3,0,0,7,10,1,4,2,0
1692,7,1,1,4,1,0,0,0,1,1,1,2,8,7,2,2,0
1693,7,1,0,4,8,1,1,3,5,0,2,9,5,7,1,1,0
1694,7,1,0,4,10,0,2,1,1,1,0,6,1,6,9,1,0
1695,1,0,0,4,6,1,0,2,2,0,0,10,2,5,9,3,0
1696,6,0,0,4,2,0,1,0,3,1,0,9,10,6,3,2,0
1697,8,1,1,4,5,1,2,3,1,0,0,5,7,3,6,8,0
1698,0,0,0,4,2,0,0,1,1,1,0,10,3,8,2,2,0
1699,1,0,0,4,3,1,1,2,7,0,0,2,3,10,5,5,0
1700,7,1,0,4,3,0,2,0,2,1,0,4,2,10,8,8,0
1701,3,0,0,4,7,1,0,3,7,0,0,7,7,5,7,4,0
1702,2,0,0,4,10,0,1,1,5,1,0,1,10,6,2,6,0
1703,7,1,1,4,4,1,2,2,7,0,0,7,10,6,10,6,0
1704,5,0,0,4,3,0,0,0,3,1,0,6,2,7,8,5,0
1705,2,0,0,4,5,1,1,3,6,0,0,9,10,7,6,3,0
