,Cust_Id,NPS_Score,NPS_Category,Timely_delivery,No_of_calls_in_an_Order,Loyalty_Years,C_Marital_Status,Tier_City,Mode_of_Payment,No_of_Items_in_Order,Gender,Order_Mode,Score_on_Food_Quality,Score_on_Order_Logistics,Menu_Presentation_Score,Score_on_Recommendations,Score_on_Delivery_Person_Friendliness
0,1,1,0,0,4,5,0,0,0,7,1,0,2,5,4,8,5
1,2,7,1,0,4,6,1,1,3,5,0,2,8,10,6,4,3
2,3,0,0,0,4,7,0,2,1,1,1,0,4,2,7,8,2
3,4,0,0,0,4,1,1,0,2,1,0,0,9,3,4,10,5
4,5,4,0,0,4,10,0,1,0,6,1,0,7,1,6,7,4
5,6,10,2,0,4,7,0,0,3,8,0,2,10,6,4,2,10
6,7,0,0,0,4,3,0,0,1,7,1,0,9,4,3,3,1
7,8,1,0,0,4,7,1,1,2,4,0,0,9,1,5,10,2
8,9,6,0,0,4,7,0,2,0,4,1,0,5,5,10,1,1
9,10,9,2,0,4,5,0,2,3,10,0,2,7,10,7,7,8
10,11,4,0,0,4,9,0,1,1,4,1,0,10,1,1,1,6
11,12,8,1,1,4,1,1,2,2,7,0,0,6,2,1,7,3
12,13,2,0,0,4,4,0,0,0,3,1,0,9,3,6,6,3
13,14,7,1,0,4,9,1,1,3,1,0,2,9,3,9,8,7
14,15,6,0,0,4,3,0,2,1,7,1,0,7,8,5,2,9
15,16,6,0,0,4,10,1,0,2,3,0,0,10,5,8,5,4
16,17,6,0,0,4,3,0,1,0,5,1,0,10,2,6,10,4
17,18,2,0,0,4,5,1,2,3,4,0,0,4,4,10,4,8
18,19,4,0,0,4,4,0,0,1,4,1,0,10,2,7,6,4
19,20,3,0,0,4,4,1,1,2,5,0,0,10,9,8,8,3
20,21,8,1,1,4,8,0,2,0,4,1,0,4,7,6,6,6
21,22,0,0,1,4,10,1,0,3,4,0,1,10,9,5,1,6
22,23,5,0,1,4,2,0,1,1,1,1,1,10,1,3,9,4
23,24,10,2,0,4,7,0,0,2,10,0,1,10,9,5,4,8
24,25,0,0,1,4,1,0,0,0,2,1,1,9,10,5,3,3
25,26,1,0,1,4,3,1,1,3,6,0,1,9,7,5,4,4
26,27,1,0,0,4,10,0,2,1,4,1,0,5,6,2,1,2
27,28,9,2,0,4,5,0,0,2,10,0,2,10,5,10,5,10
28,29,10,2,1,4,4,0,0,0,9,1,2,9,2,7,5,9
29,30,6,0,0,4,1,1,2,3,6,0,0,8,4,7,1,4
30,31,4,0,1,4,2,0,0,1,2,1,1,10,8,4,2,5
31,32,7,1,0,4,6,1,1,2,4,0,2,9,7,7,8,10
32,33,3,0,0,4,4,0,2,0,3,1,0,7,2,4,2,4
33,34,7,1,0,4,4,1,0,3,3,0,1,10,6,7,10,10
34,35,8,1,1,4,1,0,1,1,4,1,2,10,9,9,4,2
35,36,4,0,0,4,10,1,2,2,4,0,0,4,6,2,3,1
36,37,3,0,1,4,3,0,0,0,5,1,1,10,3,8,1,3
37,38,6,0,1,4,9,1,1,3,1,0,1,9,5,3,7,4
38,39,7,1,0,4,1,0,2,1,5,1,0,5,9,5,7,8
39,40,5,0,1,4,8,1,0,2,3,0,0,10,8,10,5,4
40,41,7,1,1,4,7,0,1,0,4,1,2,10,6,3,4,5
41,42,10,2,0,4,7,0,0,3,5,0,2,9,3,3,1,10
42,43,8,1,1,4,1,0,0,1,3,1,1,9,3,1,7,6
43,44,0,0,1,4,8,1,1,2,2,0,0,10,2,6,10,4
44,45,7,1,0,4,9,0,2,0,4,1,0,6,9,6,3,1
45,46,6,0,1,4,5,1,0,3,1,0,0,10,3,8,3,3
46,47,7,1,1,4,3,0,1,1,7,1,2,9,5,1,8,3
47,48,7,1,0,4,8,1,2,2,5,0,0,7,9,4,2,1
48,49,1,0,0,4,8,0,0,0,1,1,0,10,7,9,3,2
49,50,8,1,0,4,3,1,1,3,4,0,2,9,10,4,5,7
50,51,7,1,0,4,3,0,2,1,1,1,0,4,1,2,8,7
51,52,0,0,0,4,6,1,0,2,4,0,0,9,6,4,8,5
52,53,1,0,0,4,5,0,1,0,1,1,0,9,1,3,4,4
53,54,1,0,1,4,5,1,2,3,6,0,0,6,9,1,7,9
54,55,6,0,0,4,2,0,0,1,6,1,0,9,1,1,5,5
55,56,10,2,0,4,6,1,0,2,9,0,2,10,8,2,5,9
56,57,1,0,0,4,8,0,2,0,4,1,0,8,7,7,6,7
57,58,5,0,1,4,3,1,0,3,1,0,2,10,9,9,7,6
58,59,10,2,1,4,3,0,1,1,8,1,1,9,4,6,1,10
59,60,7,1,1,4,10,1,2,2,6,0,0,8,6,6,8,1
60,61,1,0,1,4,8,0,0,0,1,1,2,9,4,3,10,2
61,62,8,1,0,4,4,1,1,3,3,0,2,10,2,2,4,1
62,63,7,1,0,4,2,0,2,1,7,1,0,5,8,2,3,2
63,64,5,0,1,4,2,1,0,2,5,0,2,10,4,6,3,2
64,65,5,0,1,4,4,0,1,0,1,1,2,9,3,1,9,5
65,66,7,1,0,4,8,1,2,3,1,0,0,7,7,7,2,1
66,67,0,0,1,4,2,0,0,1,1,1,2,9,3,8,10,4
67,68,4,0,1,4,3,1,1,2,3,0,2,9,4,6,6,1
68,69,10,2,1,4,2,0,0,0,10,1,2,10,10,3,6,10
69,70,9,2,0,4,7,0,0,3,7,0,2,10,1,5,5,7
70,71,9,2,1,4,7,0,0,1,5,1,2,10,8,1,7,7
71,72,1,0,0,4,10,1,2,2,7,0,0,6,1,7,9,4
72,73,1,0,1,4,1,0,1,0,6,1,2,10,6,2,5,7
73,74,6,0,1,4,5,1,1,3,1,0,2,9,6,3,4,1
74,75,10,2,1,4,4,0,0,1,9,1,2,10,6,6,2,8
75,76,2,0,1,4,4,1,0,2,4,0,2,9,5,1,6,5
76,77,0,0,1,4,9,0,1,0,7,1,2,9,6,4,7,1
77,78,8,1,1,4,2,1,2,3,1,0,0,5,6,6,5,6
78,79,4,0,1,4,5,0,0,1,2,1,2,10,9,9,4,4
79,80,5,0,1,4,8,1,1,2,7,0,2,9,2,6,3,1
80,81,8,1,1,4,7,0,2,0,6,1,0,4,3,9,1,8
81,82,3,0,1,4,9,1,0,3,7,0,2,9,8,3,6,6
82,83,2,0,1,4,5,0,1,1,1,1,2,10,4,5,2,3
83,84,7,1,0,4,4,1,2,2,2,0,0,5,8,5,1,1
84,85,2,0,1,4,9,0,0,0,3,1,2,9,4,8,2,1
85,86,1,0,1,4,3,1,1,3,6,0,2,10,8,10,10,1
86,87,9,2,0,4,8,0,2,1,2,1,0,7,7,4,10,7
87,88,1,0,0,4,6,0,0,2,10,0,1,9,9,2,8,10
88,89,7,1,1,4,6,0,1,0,5,1,2,9,2,9,3,5
89,90,7,1,0,4,10,1,2,3,3,0,0,6,5,2,4,2
90,91,6,0,1,4,3,0,0,1,3,1,2,9,1,3,3,6
91,92,5,0,1,4,3,1,1,2,7,0,2,10,1,9,3,3
92,93,7,1,0,4,5,0,2,0,4,1,0,4,1,4,8,1
93,94,3,0,1,4,9,1,0,3,1,0,2,10,6,4,6,1
94,95,1,0,1,4,4,0,1,1,7,1,2,9,7,6,2,6
95,96,7,1,1,4,4,1,2,2,1,0,0,7,1,6,2,6
96,97,10,2,1,4,3,0,1,0,10,1,2,9,10,2,2,9
97,98,2,0,1,4,8,1,1,3,1,0,2,10,8,6,10,6
98,99,7,1,0,4,5,0,2,1,2,1,0,4,6,4,4,1
99,100,9,2,0,4,5,0,0,2,6,0,2,10,4,6,10,10
100,101,5,0,1,4,2,0,1,0,3,1,2,10,6,3,5,5
101,102,1,0,0,4,6,1,2,3,2,0,0,4,10,5,4,4
102,103,4,0,1,4,4,0,0,1,3,1,2,10,7,6,3,1
103,104,1,0,1,4,7,1,1,2,5,0,2,9,9,5,8,3
104,105,7,1,0,4,8,0,2,0,1,1,0,8,5,3,10,3
105,106,9,2,0,4,5,0,0,3,10,0,2,9,1,9,5,7
106,107,6,0,1,4,1,0,1,1,1,1,2,10,3,10,4,3
107,108,10,2,0,4,5,0,0,2,7,0,2,10,8,10,9,9
108,109,8,1,1,4,8,0,0,0,1,1,1,10,9,4,3,3
109,110,6,0,1,4,8,1,1,3,7,0,2,9,3,7,1,2
110,111,10,2,1,4,7,0,0,1,6,1,1,10,4,5,7,9
111,112,9,2,0,4,7,0,0,2,6,0,2,10,4,1,10,10
112,113,0,0,1,4,10,0,1,0,2,1,2,9,4,10,10,6
113,114,7,1,0,4,2,1,2,3,4,0,0,5,8,8,1,7
114,115,4,0,1,4,8,0,0,1,4,1,2,10,2,7,7,5
115,116,2,0,1,4,9,1,1,2,3,0,2,9,1,4,8,1
116,117,7,1,0,4,2,0,2,0,4,1,0,7,8,3,3,10
117,118,10,2,0,4,7,0,0,3,7,0,2,10,8,8,2,9
118,119,9,2,1,4,5,0,0,1,8,1,2,10,7,10,3,10
119,120,7,1,1,4,6,1,2,2,2,0,0,7,9,5,5,1
120,121,8,1,1,4,7,0,0,0,5,1,1,10,8,6,5,9
121,122,10,2,0,4,6,0,0,3,5,0,2,9,9,7,7,9
122,123,10,2,1,4,9,0,0,1,6,1,2,9,2,8,10,10
123,124,4,0,1,4,8,1,0,2,6,0,2,10,6,10,3,2
124,125,0,0,1,4,7,0,1,0,6,1,2,9,1,1,3,6
125,126,1,0,0,4,1,1,2,3,7,0,0,4,8,9,2,3
126,127,0,0,1,4,9,0,0,1,3,1,2,10,6,6,8,5
127,128,9,2,0,4,7,1,0,2,6,0,1,9,7,3,6,9
128,129,10,2,1,4,6,0,0,0,7,1,2,9,8,5,2,7
129,130,10,2,0,4,6,0,0,3,9,0,2,9,7,6,7,9
130,131,0,0,1,4,7,0,1,1,5,1,2,9,2,10,7,6
131,132,7,1,0,4,8,1,2,2,4,0,0,4,8,5,1,9
132,133,1,0,1,4,4,0,0,0,3,1,2,9,4,1,9,4
133,134,5,0,1,4,10,1,1,3,6,0,2,10,9,3,9,2
134,135,8,1,1,4,4,0,2,1,2,1,0,5,8,5,3,1
135,136,7,1,0,4,10,1,0,2,6,0,1,9,3,1,10,10
136,137,2,0,1,4,4,0,1,0,7,1,2,9,7,3,6,2
137,138,9,2,0,4,7,0,0,3,9,0,2,10,10,8,5,10
138,139,9,2,1,4,4,0,0,1,10,1,2,10,9,9,10,10
139,140,6,0,1,4,1,1,1,2,2,0,2,9,3,1,8,2
140,141,10,2,1,4,1,0,0,0,8,1,1,10,6,5,5,7
141,142,7,1,0,4,7,1,0,3,2,0,1,9,9,2,10,3
142,143,4,0,1,4,10,0,1,1,4,1,2,9,3,8,5,2
143,144,7,1,0,4,5,1,2,2,7,0,0,8,9,4,1,9
144,145,0,0,1,4,2,0,0,0,1,1,2,9,5,9,5,5
145,146,3,0,1,4,4,1,1,3,2,0,2,9,10,4,3,6
146,147,10,2,1,4,7,0,0,1,6,1,2,10,2,2,6,10
147,148,10,2,0,4,5,0,0,2,5,0,2,9,9,9,1,8
148,149,2,0,1,4,3,0,1,0,1,1,2,10,5,7,10,3
149,150,7,1,0,4,6,1,2,3,6,0,0,6,6,9,9,1
150,151,2,0,1,4,6,0,0,1,5,1,2,9,4,4,2,6
151,152,1,0,1,4,4,1,1,2,7,0,2,10,3,10,1,4
152,153,10,2,1,4,8,0,0,0,9,1,2,9,6,2,5,7
153,154,5,0,1,4,10,1,0,3,5,0,2,9,7,5,10,5
154,155,6,0,1,4,2,0,1,1,5,1,2,9,2,10,9,1
155,156,7,1,0,4,4,1,2,2,1,0,0,5,2,7,3,4
156,157,10,2,1,4,8,0,0,0,5,1,1,9,10,6,7,10
157,158,3,0,1,4,2,1,1,3,4,0,2,9,5,8,3,1
158,159,7,1,1,4,10,0,2,1,6,1,0,4,8,2,7,5
159,160,2,0,1,4,8,1,0,2,1,0,2,10,2,4,9,4
160,161,2,0,1,4,10,0,1,0,7,1,2,10,8,7,3,4
161,162,7,1,1,4,8,1,2,3,6,0,0,5,3,8,10,2
162,163,1,0,1,4,8,0,0,1,5,1,2,10,9,6,8,5
163,164,6,0,1,4,3,1,1,2,2,0,2,9,1,6,5,2
164,165,7,1,0,4,10,0,2,0,4,1,0,7,5,4,6,5
165,166,5,0,1,4,1,1,0,3,5,0,2,9,9,3,3,5
166,167,2,0,1,4,7,0,1,1,7,1,2,10,1,7,2,6
167,168,7,1,0,4,5,1,2,2,6,0,0,4,3,3,2,4
168,169,0,0,1,4,4,0,0,0,5,1,2,9,7,1,10,2
169,170,6,0,1,4,8,1,1,3,7,0,2,10,10,4,7,3
170,171,10,2,1,4,3,0,0,1,5,1,2,10,5,8,7,7
171,172,7,1,0,4,2,1,0,2,4,0,1,10,2,6,7,10
172,173,0,0,1,4,1,0,1,0,2,1,2,10,4,1,2,4
173,174,7,1,0,4,1,1,2,3,1,0,0,6,6,8,9,4
174,175,6,0,1,4,6,0,0,1,1,1,2,10,3,8,10,2
175,176,5,0,1,4,2,1,1,2,2,0,2,9,3,2,4,6
176,177,7,1,0,4,10,0,2,0,6,1,0,6,4,3,2,8
177,178,1,0,1,4,4,1,0,3,1,0,2,10,3,1,3,4
178,179,9,2,1,4,2,0,0,1,5,1,2,10,9,8,2,8
179,180,7,1,0,4,2,1,2,2,3,0,0,8,8,2,4,2
180,181,1,0,1,4,4,0,0,0,3,1,2,10,6,9,6,4
181,182,2,0,1,4,2,1,1,3,1,0,2,10,10,1,4,4
182,183,7,1,0,4,8,0,2,1,3,1,0,8,4,6,1,7
183,184,8,1,0,4,8,1,0,2,1,0,1,10,4,9,5,2
184,185,7,1,1,4,5,0,1,0,5,1,2,10,9,6,2,7
185,186,7,1,0,4,7,1,2,3,7,0,0,4,1,4,6,8
186,187,2,0,1,4,5,0,0,1,3,1,2,10,2,7,8,1
187,188,10,2,0,4,5,0,0,2,9,0,2,9,8,9,9,9
188,189,7,1,0,4,7,0,2,0,3,1,0,4,6,2,8,1
189,190,1,0,1,4,3,1,0,3,2,0,2,10,8,9,3,5
190,191,2,0,1,4,1,0,1,1,5,1,2,10,4,1,9,2
191,192,9,2,0,4,7,0,0,2,5,0,2,10,10,9,3,10
192,193,1,0,1,4,5,0,0,0,7,1,2,10,5,7,3,3
193,194,7,1,0,4,6,1,1,3,6,0,2,10,10,9,2,3
194,195,9,2,0,4,3,0,2,1,7,1,0,4,8,3,3,5
195,196,5,0,1,4,1,1,0,2,4,0,2,10,9,10,2,3
196,197,9,2,1,4,6,0,0,0,10,1,0,10,9,5,7,9
197,198,8,1,1,4,2,1,2,3,2,0,0,7,9,6,3,9
198,199,4,0,1,4,8,0,0,1,1,1,2,9,5,5,4,6
199,200,10,2,0,4,5,0,0,2,5,0,2,10,2,9,2,8
200,201,7,1,0,4,6,0,2,0,2,1,0,7,5,2,7,5
201,202,0,0,1,4,3,1,0,3,6,0,2,10,7,9,10,3
202,203,5,0,1,4,10,0,1,1,3,1,2,9,9,1,7,1
203,204,8,1,1,4,7,1,2,2,6,0,0,8,5,7,1,8
204,205,5,0,1,4,1,0,0,0,4,1,2,9,5,3,1,2
205,206,4,0,1,4,9,1,1,3,3,0,2,10,1,1,7,3
206,207,7,1,0,4,6,0,2,1,4,1,0,4,5,8,10,6
207,208,10,2,0,4,5,0,0,2,7,0,2,10,2,5,4,9
208,209,9,2,1,4,3,0,0,0,8,1,2,10,5,5,7,7
209,210,7,1,0,4,3,1,2,3,3,0,0,7,8,10,3,3
210,211,3,0,1,4,1,0,0,1,1,1,2,10,9,5,5,5
211,212,5,0,1,4,8,1,1,2,1,0,2,9,4,8,2,1
212,213,7,1,0,4,6,0,2,0,1,1,0,5,9,4,3,7
213,214,9,2,0,4,7,0,0,3,10,0,2,9,5,10,3,9
214,215,3,0,1,4,3,0,1,1,3,1,2,9,4,10,1,2
215,216,7,1,0,4,1,1,2,2,3,0,0,8,5,9,7,8
216,217,3,0,1,4,1,0,0,0,6,1,2,10,3,8,1,1
217,218,10,2,1,4,5,0,0,3,9,0,0,9,1,7,10,7
218,219,8,1,1,4,5,0,2,1,2,1,0,6,6,4,4,6
219,220,5,0,1,4,6,1,0,2,6,0,2,10,8,4,3,6
220,221,4,0,1,4,10,0,1,0,4,1,2,9,8,10,2,5
221,222,7,1,0,4,7,1,2,3,1,0,0,6,1,3,10,3
222,223,1,0,1,4,8,0,0,1,1,1,2,9,7,8,5,2
223,224,5,0,1,4,1,1,1,2,5,0,2,10,7,5,2,5
224,225,7,1,0,4,7,0,2,0,1,1,0,4,6,4,2,2
225,226,4,0,1,4,7,1,0,3,5,0,2,9,2,6,4,4
226,227,1,0,1,4,4,0,1,1,1,1,2,10,7,5,7,3
227,228,7,1,0,4,1,1,2,2,4,0,0,5,7,3,3,9
228,229,7,1,1,4,7,0,0,0,4,1,1,9,5,4,8,10
229,230,5,0,1,4,3,1,1,3,1,0,2,10,2,4,9,4
230,231,7,1,1,4,2,0,2,1,1,1,0,6,7,8,2,4
231,232,2,0,1,4,2,1,0,2,2,0,2,10,1,6,5,5
232,233,8,1,1,4,9,0,1,0,7,1,2,10,2,2,5,2
233,234,9,2,0,4,6,0,0,3,9,0,2,9,10,5,8,7
234,235,10,2,1,4,4,0,2,1,6,1,2,8,5,5,3,9
235,236,4,0,1,4,3,1,1,2,4,0,2,10,7,4,7,2
236,237,7,1,0,4,1,0,2,0,4,1,0,5,2,2,10,2
237,238,1,0,1,4,1,1,0,3,7,0,2,9,5,9,4,5
238,239,9,2,1,4,7,0,0,1,10,1,2,9,8,1,5,8
239,240,7,1,0,4,5,1,2,2,7,0,0,4,4,2,6,9
240,241,10,2,1,4,9,0,0,0,6,1,0,10,2,4,4,10
241,242,6,0,1,4,7,1,1,3,1,0,2,10,1,4,5,3
242,243,10,2,1,4,2,0,0,1,8,1,2,10,3,6,2,9
243,244,1,0,1,4,9,1,0,2,6,0,2,10,7,10,3,5
244,245,7,1,1,4,3,0,1,0,1,1,2,9,3,2,10,10
245,246,8,1,1,4,8,1,2,3,3,0,0,5,5,6,5,2
246,247,8,1,1,4,2,0,0,1,6,1,1,10,2,1,8,4
247,248,8,1,0,4,7,1,1,2,7,0,2,10,2,9,3,10
248,249,7,1,0,4,4,0,2,0,2,1,0,5,7,5,4,6
249,250,8,1,0,4,9,1,0,3,3,0,1,10,9,9,5,8
250,251,3,0,1,4,3,0,1,1,3,1,2,10,2,5,5,2
251,252,7,1,0,4,5,1,2,2,2,0,0,6,9,4,6,5
252,253,10,2,1,4,3,0,0,0,5,1,2,9,9,2,10,8
253,254,4,0,1,4,10,1,1,3,5,0,2,9,6,2,10,4
254,255,9,2,1,4,9,0,0,1,10,1,2,9,3,6,10,9
255,256,7,1,0,4,3,1,0,2,7,0,1,9,7,4,1,6
256,257,8,1,1,4,4,0,1,0,4,1,2,9,10,1,4,6
257,258,7,1,0,4,8,1,2,3,6,0,0,7,7,1,10,3
258,259,3,0,1,4,3,0,0,1,7,1,0,10,4,8,2,3
259,260,4,0,1,4,7,1,1,2,3,0,0,10,8,5,8,6
260,261,7,1,0,4,6,0,2,0,7,1,0,8,4,6,2,7
261,262,6,0,1,4,9,1,0,3,3,0,0,10,9,5,6,4
262,263,2,0,1,4,5,0,1,1,4,1,0,9,6,9,5,1
263,264,7,1,0,4,2,1,2,2,5,0,0,8,10,6,7,4
264,265,8,1,1,4,7,0,0,0,7,1,1,10,4,9,1,5
265,266,10,2,1,4,7,0,0,3,7,0,0,9,9,9,1,10
266,267,10,2,1,4,6,0,0,1,6,1,2,10,9,3,5,9
267,268,7,1,0,4,4,1,0,2,6,0,1,10,3,3,6,2
268,269,9,2,1,4,3,0,0,0,7,1,2,10,1,10,6,7
269,270,7,1,0,4,3,1,2,3,3,0,0,4,4,3,1,4
270,271,6,0,1,4,9,0,0,1,2,1,0,9,6,3,6,1
271,272,8,1,0,4,9,1,1,2,6,0,2,10,7,1,1,1
272,273,7,1,0,4,3,0,2,0,2,1,0,6,5,4,3,9
273,274,6,0,1,4,2,1,0,3,5,0,0,9,9,8,7,5
274,275,8,1,1,4,3,0,1,1,1,1,2,10,3,10,2,3
275,276,7,1,1,4,6,1,2,2,3,0,0,8,3,2,6,3
276,277,3,0,0,4,7,0,0,0,7,1,0,9,1,10,5,1
277,278,7,1,0,4,8,1,1,3,4,0,2,9,8,2,7,2
278,279,7,1,0,4,3,0,2,1,4,1,0,8,9,6,4,4
279,280,5,0,0,4,2,1,0,2,3,0,0,9,7,8,2,1
280,281,1,0,0,4,8,0,1,0,5,1,0,10,4,3,1,6
281,282,7,1,0,4,2,1,2,3,4,0,0,4,4,6,6,7
282,283,7,1,1,4,2,0,0,1,7,1,1,10,7,3,4,5
283,284,0,0,0,4,2,1,1,2,2,0,0,10,7,6,10,3
284,285,8,1,1,4,2,0,2,0,7,1,0,7,4,7,10,4
285,286,5,0,0,4,4,1,0,3,2,0,0,10,10,9,3,2
286,287,6,0,0,4,3,0,1,1,1,1,0,9,4,4,8,3
287,288,7,1,0,4,8,1,2,2,5,0,0,7,2,10,6,4
288,289,0,0,0,4,4,0,0,0,5,1,0,9,1,7,5,4
289,290,8,1,0,4,1,1,1,3,6,0,2,9,2,2,10,1
290,291,9,2,1,4,4,0,2,1,5,1,0,7,10,3,2,9
291,292,5,0,0,4,9,1,0,2,5,0,0,9,3,10,8,3
292,293,2,0,0,4,1,0,1,0,6,1,0,9,7,7,3,1
293,294,7,1,0,4,10,1,2,3,1,0,0,5,7,5,8,10
294,295,5,0,0,4,10,0,0,1,4,1,0,10,10,5,7,2
295,296,0,0,0,4,8,1,1,2,3,0,0,9,9,2,8,4
296,297,7,1,1,4,1,0,2,0,2,1,0,7,1,8,3,6
297,298,0,0,0,4,6,1,0,3,1,0,0,6,5,10,2,3
298,299,8,1,1,4,9,0,1,1,1,1,2,9,4,9,5,2
299,300,8,1,0,4,2,1,2,2,1,0,0,8,8,6,4,8
300,301,4,0,0,4,5,0,0,0,1,1,0,10,8,9,6,6
301,302,1,0,0,4,10,1,1,3,5,0,0,7,9,4,6,5
302,303,7,1,0,4,5,0,2,1,1,1,0,8,1,8,8,10
303,304,4,0,0,4,5,1,0,2,3,0,0,6,6,7,10,3
304,305,8,1,1,4,9,0,1,0,6,1,2,8,8,5,3,1
305,306,7,1,0,4,7,1,2,3,3,0,0,5,7,5,9,6
306,307,0,0,0,4,7,0,0,1,7,1,0,4,10,10,7,6
307,308,6,0,0,4,1,1,1,2,1,0,0,9,10,4,4,4
308,309,7,1,0,4,6,0,2,0,6,1,0,5,3,8,9,10
309,310,3,0,0,4,7,1,0,3,6,0,0,8,2,3,10,3
310,311,0,0,0,4,9,0,1,1,3,1,0,2,10,8,8,3
311,312,7,1,0,4,8,1,2,2,2,0,0,5,1,3,4,8
312,313,7,1,1,4,6,0,0,0,3,1,1,5,2,10,7,3
313,314,1,0,0,4,2,1,1,3,3,0,0,9,5,6,9,3
314,315,7,1,1,4,6,0,2,1,1,1,0,4,9,4,8,7
315,316,2,0,0,4,8,1,0,2,4,0,0,8,5,3,1,2
316,317,7,1,1,4,3,0,1,0,2,1,2,8,4,9,7,3
317,318,10,2,1,4,5,0,0,3,5,0,0,3,1,2,6,7
318,319,7,1,1,4,9,0,0,1,6,1,1,10,1,5,9,1
319,320,3,0,0,4,1,1,1,2,1,0,0,9,6,10,6,6
320,321,8,1,1,4,4,0,2,0,3,1,0,8,5,9,2,4
321,322,10,2,0,4,5,0,0,3,6,0,2,4,3,3,5,8
322,323,0,0,0,4,8,0,1,1,7,1,0,6,5,2,7,2
323,324,7,1,0,4,3,1,2,2,1,0,0,4,3,3,8,3
324,325,9,2,1,4,5,0,0,0,10,1,2,2,9,7,4,10
325,326,10,2,0,4,7,0,0,3,9,0,2,3,4,10,5,9
326,327,7,1,0,4,6,0,2,1,7,1,0,7,2,5,1,4
327,328,5,0,0,4,9,1,0,2,4,0,0,3,3,4,1,5
328,329,8,1,1,4,2,0,1,0,1,1,2,9,5,7,6,10
329,330,8,1,0,4,1,1,2,3,1,0,0,8,7,6,5,5
330,331,5,0,1,4,8,0,0,1,2,1,0,10,2,3,4,1
331,332,4,0,1,4,3,1,1,2,6,0,0,4,1,2,6,4
332,333,7,1,0,4,4,0,2,0,4,1,0,5,10,5,5,10
333,334,0,0,0,4,3,1,0,3,1,0,0,5,9,2,4,2
334,335,0,0,0,4,5,0,1,1,2,1,0,3,9,4,6,2
335,336,7,1,0,4,8,1,2,2,6,0,0,7,4,10,5,1
336,337,9,2,1,4,4,0,0,0,5,1,2,6,1,10,8,10
337,338,5,0,0,4,9,1,1,3,5,0,0,2,10,5,10,1
338,339,9,2,0,4,10,0,2,1,7,1,0,6,10,3,9,5
339,340,4,0,0,4,5,1,0,2,2,0,0,7,2,5,5,6
340,341,6,0,0,4,1,0,1,0,5,1,0,9,7,9,10,2
341,342,7,1,0,4,4,1,2,3,6,0,0,6,4,8,5,7
342,343,10,2,1,4,10,0,0,1,8,1,2,1,10,9,3,8
343,344,9,2,0,4,6,0,0,2,8,0,2,6,9,2,9,10
344,345,10,2,1,4,5,0,0,0,9,1,2,5,7,6,3,8
345,346,7,1,0,4,9,1,0,3,2,0,1,9,9,6,8,2
346,347,1,0,0,4,4,0,1,1,4,1,0,10,3,10,9,6
347,348,7,1,0,4,6,1,2,2,3,0,0,6,8,2,5,8
348,349,2,0,0,4,3,0,0,0,2,1,0,4,1,5,9,5
349,350,4,0,0,4,8,1,1,3,3,0,0,1,9,10,3,2
350,351,10,2,1,4,9,0,0,1,7,1,2,5,10,7,6,10
351,352,6,0,0,4,5,1,0,2,5,0,0,9,8,7,3,5
352,353,2,0,0,4,6,0,1,0,5,1,0,9,9,10,3,4
353,354,10,2,0,4,7,0,0,3,6,0,2,8,10,8,6,7
354,355,6,0,0,4,5,0,0,1,2,1,0,7,5,10,5,3
355,356,10,2,0,4,5,0,0,2,5,0,2,10,9,3,6,7
356,357,7,1,0,4,5,0,2,0,6,1,0,5,1,9,1,6
357,358,4,0,0,4,6,1,0,3,4,0,0,1,6,9,3,5
358,359,2,0,0,4,9,0,1,1,2,1,0,4,5,7,1,3
359,360,7,1,0,4,2,1,2,2,4,0,0,7,1,7,5,8
360,361,0,0,0,4,10,0,0,0,2,1,0,8,5,5,1,4
361,362,6,0,0,4,10,1,1,3,1,0,0,9,10,5,5,4
362,363,9,2,0,4,3,0,2,1,6,1,0,7,4,8,8,5
363,364,4,0,0,4,2,1,0,2,2,0,0,3,7,4,2,1
364,365,10,2,1,4,2,0,0,0,8,1,2,8,2,2,5,10
365,366,7,1,0,4,6,1,2,3,4,0,0,5,1,6,2,6
366,367,8,1,1,4,3,0,0,1,7,1,1,7,4,1,7,3
367,368,8,1,0,4,2,1,1,2,7,0,2,1,9,5,7,6
368,369,10,2,1,4,1,0,0,0,9,1,2,2,7,8,3,7
369,370,2,0,0,4,8,1,0,3,1,0,0,2,8,4,9,3
370,371,3,0,0,4,7,0,1,1,2,1,0,4,5,1,1,6
371,372,7,1,0,4,9,1,2,2,2,0,0,5,3,3,9,4
372,373,7,1,1,4,4,0,0,0,5,1,1,3,3,2,6,1
373,374,4,0,0,4,7,1,1,3,4,0,0,8,9,4,4,5
374,375,9,2,0,4,2,0,2,1,2,1,0,7,2,9,10,8
375,376,1,0,0,4,5,1,0,2,6,0,0,3,1,5,9,3
376,377,6,0,0,4,9,0,1,0,2,1,0,2,8,9,3,2
377,378,7,1,0,4,5,1,2,3,5,0,0,4,9,2,9,8
378,379,1,0,0,4,7,0,0,1,1,1,0,4,9,10,8,6
379,380,5,0,0,4,10,1,1,2,6,0,0,3,10,8,3,2
380,381,9,2,1,4,3,0,0,0,8,1,2,9,9,1,7,10
381,382,9,2,0,4,7,0,0,3,6,0,2,10,1,6,6,10
382,383,10,2,1,4,10,0,0,1,8,1,2,9,8,8,1,8
383,384,7,1,0,4,3,1,2,2,1,0,0,5,8,2,4,7
384,385,1,0,0,4,8,0,0,0,3,1,0,1,10,7,6,6
385,386,5,0,0,4,4,1,1,3,2,0,0,9,3,10,3,1
386,387,9,2,0,4,5,0,2,1,1,1,0,8,9,8,1,6
387,388,8,1,0,4,10,1,0,2,7,0,1,4,9,9,6,5
388,389,1,0,0,4,7,0,1,0,6,1,0,3,9,8,6,1
389,390,7,1,0,4,9,1,2,3,2,0,0,8,3,7,3,6
390,391,0,0,0,4,4,0,0,1,5,1,0,3,1,5,7,6
391,392,8,1,0,4,4,1,1,2,7,0,2,6,7,2,3,2
392,393,7,1,0,4,10,0,2,0,7,1,0,5,6,8,5,7
393,394,2,0,0,4,2,1,0,3,5,0,0,3,3,7,3,5
394,395,1,0,0,4,8,0,1,1,4,1,0,6,1,5,8,2
395,396,8,1,1,4,10,1,2,2,2,0,0,6,9,6,3,2
396,397,6,0,0,4,7,0,0,0,4,1,0,8,4,6,7,2
397,398,4,0,0,4,5,1,1,3,3,0,0,6,3,6,8,5
398,399,9,2,1,4,10,0,2,1,6,1,0,5,10,4,9,1
399,400,8,1,0,4,5,1,0,2,4,0,1,9,8,4,10,4
400,401,7,1,1,4,3,0,1,0,1,1,2,4,1,6,9,8
401,402,7,1,1,4,8,1,2,3,6,0,0,8,8,5,7,8
402,403,0,0,0,4,4,0,0,1,1,1,0,2,1,8,8,3
403,404,1,0,0,4,7,1,1,2,7,0,0,6,10,3,7,4
404,405,9,2,1,4,8,0,0,0,9,1,2,10,7,5,7,10
405,406,6,0,0,4,8,1,0,3,7,0,0,5,4,5,5,4
406,407,1,0,0,4,4,0,1,1,4,1,0,6,9,4,1,6
407,408,7,1,0,4,1,1,2,2,7,0,0,7,10,8,9,6
408,409,6,0,0,4,8,0,0,0,1,1,0,6,6,3,1,4
409,410,4,0,0,4,1,1,1,3,3,0,0,8,4,2,7,3
410,411,9,2,0,4,10,0,2,1,7,1,0,5,4,3,1,6
411,412,10,2,0,4,7,0,0,2,8,0,2,6,3,1,3,10
412,413,7,1,1,4,9,0,1,0,7,1,2,10,5,1,9,6
413,414,7,1,0,4,1,1,2,3,1,0,0,7,4,7,2,7
414,415,6,0,0,4,7,0,0,1,5,1,0,2,8,6,3,4
415,416,6,0,0,4,2,1,1,2,6,0,0,5,5,3,9,3
416,417,10,2,1,4,8,0,0,0,8,1,2,1,1,1,9,9
417,418,1,0,0,4,4,1,0,3,1,0,0,5,4,5,3,1
418,419,4,0,0,4,1,0,1,1,7,1,0,10,9,4,2,4
419,420,7,1,0,4,4,1,2,2,6,0,0,5,9,2,7,4
420,421,9,2,1,4,2,0,0,0,6,1,2,5,4,9,8,7
421,422,3,0,0,4,8,1,1,3,6,0,0,4,7,1,3,1
422,423,9,2,0,4,9,0,2,1,6,1,0,8,9,8,6,1
423,424,4,0,0,4,7,1,0,2,7,0,0,1,5,7,6,1
424,425,9,2,1,4,10,0,0,0,9,1,2,4,2,5,4,8
425,426,10,2,0,4,6,0,0,3,6,0,2,7,7,6,9,7
426,427,2,0,0,4,3,0,0,1,2,1,0,3,6,9,6,4
427,428,1,0,0,4,10,1,1,2,5,0,0,7,6,2,1,5
428,429,9,2,1,4,10,0,0,0,5,1,2,5,10,6,6,7
429,430,7,1,0,4,7,1,0,3,7,0,1,7,9,2,3,7
430,431,6,0,0,4,5,0,1,1,2,1,0,6,7,2,1,4
431,432,7,1,0,4,10,1,2,2,6,0,0,5,7,8,6,1
432,433,3,0,0,4,6,0,0,0,5,1,0,1,4,10,10,5
433,434,7,1,0,4,4,1,1,3,5,0,2,8,2,9,5,1
434,435,9,2,0,4,4,0,2,1,3,1,0,5,1,9,3,5
435,436,9,2,0,4,5,0,0,2,5,0,2,6,5,4,6,9
436,437,2,0,0,4,10,0,1,0,7,1,0,2,9,4,5,4
437,438,8,1,1,4,7,1,2,3,4,0,0,6,2,9,10,9
438,439,3,0,0,4,10,0,0,1,2,1,0,2,4,4,9,4
439,440,2,0,0,4,8,1,1,2,1,0,0,5,2,7,4,2
440,441,7,1,0,4,8,0,2,0,3,1,0,7,9,3,2,10
441,442,7,1,0,4,10,1,0,3,3,0,1,6,3,3,4,2
442,443,0,0,0,4,8,0,1,1,6,1,0,6,3,6,4,4
443,444,9,2,0,4,7,0,0,2,6,0,2,5,10,7,4,7
444,445,8,1,1,4,9,0,0,0,2,1,1,10,2,6,3,3
445,446,6,0,0,4,10,1,1,3,7,0,0,3,2,1,6,6
446,447,9,2,0,4,5,0,2,1,7,1,0,5,6,6,2,7
447,448,1,0,0,4,1,1,0,2,2,0,0,2,3,9,7,6
448,449,3,0,0,4,3,0,1,0,6,1,0,10,4,9,9,3
449,450,9,2,0,4,5,0,0,3,7,0,2,9,10,9,6,7
450,451,8,1,1,4,1,0,0,1,3,1,1,9,6,2,1,9
451,452,7,1,0,4,4,1,1,2,3,0,2,2,2,1,9,10
452,453,8,1,1,4,9,0,2,0,7,1,0,4,9,3,2,2
453,454,0,0,0,4,9,1,0,3,2,0,0,5,8,4,1,6
454,455,9,2,1,4,9,0,0,1,7,1,2,9,4,3,6,7
455,456,7,1,0,4,3,1,2,2,6,0,0,7,9,8,2,1
456,457,4,0,0,4,8,0,0,0,3,1,0,3,9,7,10,4
457,458,10,2,0,4,5,0,0,3,9,0,2,3,9,8,9,7
458,459,10,2,1,4,5,0,0,1,5,1,2,7,7,5,8,8
459,460,3,0,0,4,10,1,0,2,1,0,0,4,8,10,9,3
460,461,0,0,0,4,2,0,1,0,3,1,0,6,6,7,10,3
461,462,7,1,0,4,8,1,2,3,4,0,0,5,10,1,1,5
462,463,4,0,0,4,7,0,0,1,4,1,0,7,5,7,3,2
463,464,6,0,0,4,1,1,1,2,3,0,0,5,4,3,10,6
464,465,7,1,0,4,7,0,2,0,6,1,0,7,7,10,5,6
465,466,2,0,0,4,10,1,0,3,4,0,0,1,5,4,9,6
466,467,4,0,0,4,2,0,1,1,5,1,0,7,6,7,2,4
467,468,10,2,0,4,6,0,0,2,6,0,2,8,6,3,10,7
468,469,5,0,0,4,9,0,0,0,2,1,0,7,8,9,4,2
469,470,9,2,0,4,5,0,0,3,5,0,2,1,5,5,9,8
470,471,9,2,1,4,2,0,2,1,5,1,0,4,7,5,1,6
471,472,9,2,0,4,7,0,0,2,5,0,2,5,9,8,7,7
472,473,5,0,0,4,7,0,1,0,4,1,0,2,7,4,1,6
473,474,8,1,1,4,3,1,2,3,1,0,0,4,10,6,3,7
474,475,5,0,0,4,5,0,0,1,2,1,0,7,9,2,1,4
475,476,3,0,0,4,6,1,1,2,6,0,0,7,6,10,4,6
476,477,8,1,1,4,1,0,2,0,2,1,0,4,9,6,10,7
477,478,4,0,0,4,2,1,0,3,5,0,0,7,8,1,2,3
478,479,7,1,1,4,2,0,1,1,7,1,2,5,9,7,10,3
479,480,7,1,0,4,7,1,2,2,2,0,0,7,2,7,3,2
480,481,2,0,0,4,1,0,0,0,6,1,0,9,10,5,9,1
481,482,5,0,0,4,1,1,1,3,3,0,0,8,8,3,6,6
482,483,7,1,0,4,1,0,2,1,4,1,0,8,9,10,4,5
483,484,1,0,0,4,8,1,0,2,1,0,0,10,8,9,4,4
484,485,8,1,1,4,6,0,1,0,1,1,2,10,3,2,1,7
485,486,7,1,0,4,2,1,2,3,1,0,0,7,3,5,8,7
486,487,6,0,0,4,5,0,0,1,1,1,0,2,8,2,3,4
487,488,1,0,0,4,2,1,1,2,4,0,0,7,1,5,2,2
488,489,8,1,1,4,9,0,2,0,5,1,0,7,10,7,5,1
489,490,6,0,0,4,8,1,0,3,6,0,0,2,6,10,5,1
490,491,5,0,0,4,2,0,1,1,2,1,0,8,9,2,5,6
491,492,7,1,0,4,6,1,2,2,1,0,0,5,5,6,3,9
492,493,1,0,0,4,9,0,0,0,2,1,0,2,10,10,1,4
493,494,4,0,0,4,2,1,1,3,2,0,0,4,2,10,7,1
494,495,7,1,0,4,7,0,2,1,5,1,0,5,9,10,6,1
495,496,10,2,0,4,6,0,0,2,7,0,2,9,1,7,10,8
496,497,2,0,0,4,3,0,1,0,3,1,0,8,2,3,8,2
497,498,7,1,0,4,7,1,2,3,2,0,0,7,1,9,10,3
498,499,4,0,0,4,8,0,0,1,1,1,0,4,5,4,1,5
499,500,2,0,0,4,7,1,1,2,4,0,0,6,5,3,1,6
500,501,7,1,0,4,8,0,2,0,2,1,0,7,6,2,2,3
501,502,5,0,0,4,6,1,0,3,6,0,0,5,1,10,10,4
502,503,7,1,1,4,8,0,1,1,7,1,2,8,9,7,6,2
503,504,7,1,0,4,2,1,2,2,1,0,0,6,9,4,10,9
504,505,2,0,0,4,3,0,0,0,2,1,0,7,5,9,1,3
505,506,3,0,0,4,3,1,1,3,7,0,0,5,1,8,8,2
506,507,9,2,1,4,10,0,0,1,6,1,2,3,3,2,4,7
507,508,7,1,0,4,7,1,0,2,3,0,1,1,9,1,2,2
508,509,6,0,0,4,10,0,1,0,7,1,0,6,1,4,5,1
509,510,7,1,0,4,3,1,2,3,7,0,0,8,10,1,4,4
510,511,4,0,0,4,4,0,0,1,3,1,0,4,1,3,7,5
511,512,7,1,0,4,6,1,1,2,6,0,2,3,7,5,3,5
512,513,7,1,0,4,8,0,2,0,1,1,0,5,8,5,3,1
513,514,2,0,0,4,5,1,0,3,7,0,0,5,9,9,7,3
514,515,7,1,1,4,6,0,1,1,6,1,2,9,8,6,3,4
515,516,7,1,0,4,1,1,2,2,7,0,0,8,10,8,2,6
516,517,2,0,0,4,3,0,0,0,1,1,0,3,9,5,6,4
517,518,8,1,0,4,7,1,1,3,5,0,2,10,5,5,8,8
518,519,7,1,0,4,6,0,2,1,3,1,0,8,1,5,6,10
519,520,5,0,0,4,1,1,0,2,5,0,0,9,9,5,1,5
520,521,2,0,0,4,10,0,1,0,2,1,0,6,5,8,1,6
521,522,7,1,0,4,10,1,2,3,1,0,0,4,3,6,10,4
522,523,8,1,1,4,7,0,0,1,5,1,1,2,4,3,10,8
523,524,5,0,0,4,4,1,1,2,7,0,0,9,4,3,4,3
524,525,7,1,0,4,4,0,2,0,3,1,0,4,2,10,2,8
525,526,9,2,0,4,6,0,0,3,5,0,2,9,10,6,7,8
526,527,9,2,1,4,10,0,0,1,6,1,2,8,9,3,4,9
527,528,10,2,0,4,5,0,0,2,5,0,2,7,6,3,8,10
528,529,4,0,0,4,3,0,0,0,7,1,0,3,6,3,7,6
529,530,4,0,0,4,3,1,1,3,1,0,0,7,8,2,9,5
530,531,7,1,0,4,1,0,2,1,5,1,0,4,3,4,10,7
531,532,7,1,0,4,10,1,0,2,6,0,1,7,3,8,2,6
532,533,4,0,0,4,2,0,1,0,2,1,0,4,2,2,1,3
533,534,7,1,0,4,7,1,2,3,5,0,0,8,7,9,3,3
534,535,8,1,1,4,5,0,0,1,5,1,1,4,9,1,2,2
535,536,7,1,0,4,5,1,1,2,1,0,2,9,2,7,4,5
536,537,7,1,0,4,5,0,2,0,2,1,0,4,4,7,5,5
537,538,3,0,0,4,9,1,0,3,5,0,0,9,4,10,3,1
538,539,8,1,1,4,10,0,1,1,5,1,2,2,3,9,1,1
539,540,7,1,0,4,4,1,2,2,5,0,0,7,8,5,1,9
540,541,0,0,0,4,5,0,0,0,4,1,0,5,6,8,10,2
541,542,2,0,0,4,9,1,1,3,5,0,0,2,6,8,4,1
542,543,7,1,0,4,7,0,2,1,1,1,0,7,8,6,6,10
543,544,2,0,0,4,1,1,0,2,1,0,0,6,6,1,2,4
544,545,3,0,0,4,5,0,1,0,3,1,0,2,4,5,1,2
545,546,7,1,0,4,6,1,2,3,3,0,0,7,1,6,9,4
546,547,6,0,1,4,1,0,0,1,6,1,0,8,8,9,5,6
547,548,10,2,1,4,5,0,0,2,6,0,2,3,10,2,10,10
548,549,10,2,0,4,8,0,0,0,7,1,2,4,10,4,5,8
549,550,8,1,0,4,4,1,0,3,4,0,1,7,2,8,9,6
550,551,7,1,1,4,5,0,1,1,2,1,2,4,8,6,9,7
551,552,7,1,1,4,2,1,2,2,4,0,0,4,6,4,9,10
552,553,3,0,0,4,7,0,0,0,3,1,0,5,10,8,8,1
553,554,10,2,0,4,5,0,0,3,5,0,2,1,1,10,9,10
554,555,8,1,1,4,2,0,2,1,1,1,0,4,7,7,6,5
555,556,6,0,0,4,10,1,0,2,4,0,0,3,8,9,10,4
556,557,4,0,0,4,6,0,1,0,5,1,0,3,9,7,2,3
557,558,7,1,0,4,2,1,2,3,7,0,0,8,10,9,8,10
558,559,4,0,0,4,6,0,0,1,3,1,0,2,2,9,9,6
559,560,2,0,0,4,1,1,1,2,6,0,0,4,2,3,10,2
560,561,7,1,0,4,2,0,2,0,2,1,0,6,6,3,7,4
561,562,3,0,0,4,5,1,0,3,4,0,0,7,10,2,9,5
562,563,0,0,0,4,1,0,1,1,1,1,0,1,6,2,7,1
563,564,7,1,0,4,3,1,2,2,5,0,0,5,3,10,9,7
564,565,9,2,1,4,4,0,0,0,6,1,2,6,6,10,1,10
565,566,9,2,0,4,7,0,0,3,7,0,2,10,7,10,3,10
566,567,7,1,0,4,3,0,2,1,6,1,0,8,9,5,9,9
567,568,3,0,0,4,3,1,0,2,1,0,0,5,10,5,1,6
568,569,2,0,0,4,5,0,1,0,2,1,0,7,8,1,1,6
569,570,7,1,0,4,7,1,2,3,7,0,0,6,2,3,6,10
570,571,3,0,0,4,1,0,0,1,3,1,0,10,8,1,6,1
571,572,10,2,0,4,7,0,0,2,9,0,2,3,9,3,6,10
572,573,7,1,1,4,10,0,2,0,2,1,0,4,9,7,9,5
573,574,3,0,0,4,4,1,0,3,3,0,0,2,9,3,7,4
574,575,9,2,1,4,7,0,0,1,7,1,2,1,8,4,1,7
575,576,8,1,1,4,3,1,2,2,7,0,0,4,4,10,8,3
576,577,5,0,0,4,4,0,0,0,6,1,0,7,3,1,10,6
577,578,10,2,0,4,6,0,0,3,10,0,2,5,5,9,7,9
578,579,7,1,0,4,10,0,2,1,3,1,0,4,4,10,9,6
579,580,8,1,0,4,10,1,0,2,6,0,1,4,3,4,1,3
580,581,0,0,0,4,1,0,1,0,2,1,0,9,4,3,2,4
581,582,10,2,0,4,7,0,0,3,6,0,2,9,10,2,2,10
582,583,1,0,0,4,8,0,0,1,4,1,0,1,10,8,7,5
583,584,0,0,0,4,1,1,1,2,2,0,0,1,9,3,3,6
584,585,7,1,0,4,1,0,2,0,4,1,0,4,9,9,4,2
585,586,5,0,0,4,10,1,0,3,6,0,0,7,1,1,9,1
586,587,6,0,0,4,2,0,1,1,2,1,0,10,8,4,8,3
587,588,7,1,0,4,10,1,2,2,3,0,0,6,3,1,9,1
588,589,6,0,0,4,8,0,0,0,1,1,0,8,10,3,9,1
589,590,9,2,0,4,7,0,0,3,7,0,2,9,5,9,3,7
590,591,9,2,1,4,2,0,0,1,10,1,2,9,10,3,6,10
591,592,2,0,0,4,4,1,0,2,1,0,0,5,7,2,9,1
592,593,2,0,0,4,9,0,1,0,4,1,0,2,5,8,7,5
593,594,7,1,0,4,7,1,2,3,6,0,0,6,1,5,10,9
594,595,6,0,0,4,5,0,0,1,7,1,0,8,2,6,2,1
595,596,5,0,0,4,2,1,1,2,1,0,0,8,1,9,3,2
596,597,7,1,0,4,1,0,2,0,4,1,0,7,9,4,9,3
597,598,5,0,0,4,4,1,0,3,3,0,0,7,9,6,2,4
598,599,6,0,0,4,9,0,1,1,3,1,0,6,6,9,10,1
599,600,9,2,0,4,5,0,0,2,8,0,2,3,10,6,4,8
600,601,6,0,0,4,5,0,0,0,5,1,0,2,9,4,10,5
601,602,1,0,0,4,5,1,1,3,1,0,0,6,10,8,1,1
602,603,7,1,0,4,1,0,2,1,7,1,0,5,10,9,2,8
603,604,7,1,0,4,3,1,0,2,2,0,1,5,5,10,4,4
604,605,2,0,0,4,3,0,1,0,5,1,0,6,3,8,9,5
605,606,8,1,0,4,5,1,2,3,2,0,0,5,6,2,5,1
606,607,5,0,0,4,8,0,0,1,4,1,0,7,1,3,6,2
607,608,2,0,0,4,4,1,1,2,4,0,0,3,6,1,6,1
608,609,7,1,0,4,7,0,2,0,1,1,0,8,7,4,9,9
609,610,0,0,0,4,8,1,0,3,2,0,0,7,1,10,4,6
610,611,8,1,1,4,1,0,1,1,5,1,2,5,7,6,2,2
611,612,7,1,0,4,3,1,2,2,2,0,0,6,7,1,9,2
612,613,4,0,0,4,5,0,0,0,5,1,0,10,10,6,1,3
613,614,8,1,0,4,3,1,1,3,3,0,2,10,4,9,6,5
614,615,7,1,0,4,6,0,2,1,1,1,0,4,3,1,5,4
615,616,6,0,0,4,8,1,0,2,6,0,0,3,4,9,3,6
616,617,4,0,0,4,9,0,1,0,6,1,0,10,6,3,8,6
617,618,7,1,0,4,4,1,2,3,6,0,0,7,5,1,9,6
618,619,2,0,0,4,2,0,0,1,7,1,0,9,6,6,4,2
619,620,5,0,0,4,10,1,1,2,2,0,0,5,9,8,3,1
620,621,7,1,1,4,7,0,2,0,1,1,0,5,8,7,10,3
621,622,5,0,0,4,4,1,0,3,4,0,0,6,6,3,2,5
622,623,4,0,0,4,3,0,1,1,3,1,0,10,9,9,2,2
623,624,7,1,0,4,7,1,2,2,4,0,0,7,5,4,7,1
624,625,10,2,1,4,3,0,0,0,9,1,2,3,9,3,1,7
625,626,9,2,0,4,6,0,0,3,8,0,2,6,7,9,3,9
626,627,7,1,1,4,4,0,2,1,6,1,0,4,6,4,6,10
627,628,6,0,0,4,6,1,0,2,6,0,0,8,3,10,5,2
628,629,4,0,0,4,7,0,1,0,7,1,0,2,7,1,5,6
629,630,10,2,0,4,6,0,0,3,6,0,2,1,10,3,10,10
630,631,2,0,0,4,4,0,0,1,5,1,0,7,3,3,8,2
631,632,2,0,0,4,9,1,1,2,5,0,0,8,4,1,8,4
632,633,7,1,0,4,9,0,2,0,3,1,0,8,2,6,8,3
633,634,8,1,0,4,5,1,0,3,4,0,1,6,2,4,3,6
634,635,3,0,0,4,6,0,1,1,5,1,0,5,1,7,4,2
635,636,7,1,0,4,6,1,2,2,4,0,0,5,9,4,8,5
636,637,6,0,0,4,1,0,0,0,1,1,0,8,7,1,2,6
637,638,3,0,0,4,4,1,1,3,3,0,0,4,5,2,7,5
638,639,9,2,1,4,5,0,2,1,1,1,0,8,5,6,2,6
639,640,8,1,0,4,5,1,0,2,4,0,1,10,5,9,1,10
640,641,3,0,0,4,6,0,1,0,6,1,0,5,4,8,6,1
641,642,8,1,0,4,1,1,2,3,2,0,0,7,10,2,4,6
642,643,8,1,1,4,3,0,0,1,6,1,1,10,2,7,1,3
643,644,4,0,0,4,7,1,1,2,5,0,0,6,10,6,4,2
644,645,7,1,0,4,8,0,2,0,4,1,0,6,2,2,6,4
645,646,1,0,0,4,6,1,0,3,2,0,0,4,3,8,10,6
646,647,1,0,0,4,2,0,1,1,3,1,0,6,7,9,7,1
647,648,8,1,0,4,3,1,2,2,4,0,0,8,6,6,3,8
648,649,3,0,0,4,8,0,0,0,1,1,0,9,3,6,1,3
649,650,2,0,0,4,4,1,1,3,1,0,0,10,9,9,1,1
650,651,9,2,0,4,5,0,2,1,3,1,0,6,2,3,2,8
651,652,4,0,0,4,5,1,0,2,2,0,0,1,2,1,7,3
652,653,0,0,0,4,10,0,1,0,5,1,0,10,9,8,7,6
653,654,7,1,0,4,8,1,2,3,1,0,0,7,9,3,8,3
654,655,6,0,0,4,6,0,0,1,5,1,0,1,2,6,10,3
655,656,1,0,0,4,4,1,1,2,1,0,0,8,7,10,7,6
656,657,7,1,0,4,7,0,2,0,1,1,0,7,3,3,6,7
657,658,7,1,0,4,9,1,0,3,2,0,1,9,2,5,2,2
658,659,10,2,1,4,2,0,0,1,7,1,2,5,5,9,9,7
659,660,7,1,0,4,7,1,2,2,7,0,0,8,1,4,7,10
660,661,0,0,0,4,7,0,0,0,5,1,0,8,5,1,1,5
661,662,4,0,0,4,3,1,1,3,1,0,0,2,9,3,2,4
662,663,9,2,0,4,3,0,2,1,1,1,0,8,5,8,6,6
663,664,10,2,0,4,6,0,0,2,7,0,2,5,8,2,6,7
664,665,7,1,1,4,5,0,1,0,2,1,2,6,3,7,3,7
665,666,7,1,0,4,6,1,2,3,6,0,0,8,4,3,1,7
666,667,6,0,0,4,10,0,0,1,1,1,0,5,5,10,7,2
667,668,6,0,0,4,3,1,1,2,1,0,0,2,8,10,3,4
668,669,7,1,0,4,4,0,2,0,7,1,0,7,2,1,1,10
669,670,6,0,0,4,5,1,0,3,1,0,0,8,2,3,10,2
670,671,5,0,0,4,10,0,1,1,3,1,0,10,6,2,4,6
671,672,7,1,0,4,1,1,2,2,6,0,0,7,9,8,8,5
672,673,7,1,1,4,10,0,0,0,3,1,1,7,10,5,9,6
673,674,7,1,0,4,5,1,1,3,6,0,2,3,1,4,8,7
674,675,9,2,0,4,9,0,2,1,4,1,0,7,1,4,8,4
675,676,3,0,0,4,10,1,0,2,1,0,0,7,3,2,7,3
676,677,10,2,1,4,1,0,0,0,7,1,2,1,1,5,7,8
677,678,7,1,0,4,7,1,2,3,7,0,0,5,6,3,9,3
678,679,8,1,1,4,1,0,0,1,3,1,1,3,8,2,2,2
679,680,6,0,0,4,9,1,1,2,6,0,0,7,6,1,7,6
680,681,7,1,0,4,9,0,2,0,4,1,0,8,2,6,5,1
681,682,9,2,0,4,5,0,0,3,9,0,2,1,8,3,1,8
682,683,10,2,1,4,7,0,0,1,5,1,2,9,10,1,5,10
683,684,7,1,0,4,3,1,2,2,4,0,0,5,7,6,2,7
684,685,9,2,1,4,10,0,0,0,6,1,2,4,5,6,9,10
685,686,10,2,0,4,5,0,0,3,9,0,2,2,6,6,5,9
686,687,9,2,0,4,10,0,2,1,1,1,0,7,3,8,8,2
687,688,0,0,0,4,2,1,0,2,6,0,0,4,3,2,9,2
688,689,10,2,1,4,8,0,0,0,8,1,2,10,4,5,3,10
689,690,7,1,0,4,8,1,2,3,1,0,0,5,8,7,3,6
690,691,2,0,0,4,8,0,0,1,7,1,0,4,6,5,7,4
691,692,7,1,0,4,5,1,1,2,7,0,2,4,1,5,1,10
692,693,7,1,0,4,4,0,2,0,7,1,0,4,10,5,3,6
693,694,0,0,0,4,1,1,0,3,7,0,0,6,7,7,10,1
694,695,5,0,0,4,3,0,1,1,4,1,0,4,6,4,4,2
695,696,7,1,0,4,10,1,2,2,5,0,0,7,9,5,9,2
696,697,10,2,1,4,4,0,0,0,6,1,2,5,7,7,2,9
697,698,3,0,0,4,6,1,1,3,4,0,0,2,9,4,1,4
698,699,9,2,0,4,8,0,2,1,7,1,0,8,9,1,7,2
699,700,0,0,0,4,9,1,0,2,3,0,0,5,9,4,4,6
700,701,4,0,0,4,2,0,1,0,3,1,0,2,8,6,5,4
701,702,7,1,0,4,5,1,2,3,3,0,0,5,9,2,3,1
702,703,5,0,0,4,7,0,0,1,5,1,0,10,10,8,9,1
703,704,3,0,0,4,4,1,1,2,7,0,0,3,10,4,7,2
704,705,8,1,1,4,6,0,2,0,1,1,0,6,3,4,4,5
705,706,0,0,0,4,7,1,0,3,7,0,0,5,5,4,7,2
706,707,2,0,0,4,6,0,1,1,7,1,0,4,10,2,1,2
707,708,7,1,0,4,8,1,2,2,1,0,0,8,5,8,6,10
708,709,6,0,0,4,6,0,0,0,2,1,0,5,5,6,7,6
709,710,3,0,0,4,1,1,1,3,4,0,0,9,6,5,10,6
710,711,9,2,0,4,6,0,2,1,5,1,0,4,6,4,7,5
711,712,1,0,0,4,3,1,0,2,7,0,0,4,9,6,9,4
712,713,0,0,0,4,8,0,1,0,5,1,0,10,1,9,1,4
713,714,7,1,0,4,9,1,2,3,5,0,0,6,4,1,6,6
714,715,1,0,0,4,7,0,0,1,6,1,0,7,10,7,9,1
715,716,9,2,0,4,5,0,0,2,6,0,2,9,3,8,1,10
716,717,7,1,1,4,7,0,2,0,4,1,0,5,4,7,8,7
717,718,9,2,0,4,6,0,0,3,10,0,2,3,3,5,10,9
718,719,3,0,0,4,2,0,1,1,3,1,0,9,1,7,8,4
719,720,7,1,0,4,7,1,2,2,2,0,0,8,5,8,5,5
720,721,7,1,1,4,8,0,0,0,2,1,1,7,3,2,4,7
721,722,10,2,0,4,7,0,0,3,10,0,2,6,6,3,8,10
722,723,9,2,0,4,9,0,2,1,1,1,0,7,8,2,5,7
723,724,5,0,0,4,9,1,0,2,2,0,0,7,4,9,8,5
724,725,10,2,1,4,5,0,0,0,8,1,2,1,7,1,9,10
725,726,10,2,0,4,6,0,0,3,7,0,2,3,9,9,10,9
726,727,4,0,0,4,4,0,0,1,7,1,0,1,6,3,8,2
727,728,8,1,0,4,3,1,1,2,7,0,2,1,6,8,8,6
728,729,7,1,0,4,9,0,2,0,2,1,0,8,3,2,3,2
729,730,1,0,0,4,6,1,0,3,7,0,0,8,9,2,5,2
730,731,3,0,0,4,1,0,1,1,3,1,0,8,4,1,2,1
731,732,7,1,0,4,3,1,2,2,2,0,0,8,6,2,6,10
732,733,3,0,0,4,2,0,0,0,6,1,0,7,8,5,4,4
733,734,9,2,0,4,6,0,0,3,9,0,2,10,1,9,3,8
734,735,9,2,0,4,7,0,2,1,4,1,0,5,7,8,4,8
735,736,10,2,0,4,5,0,0,2,8,0,2,8,4,9,9,9
736,737,8,1,1,4,10,0,1,0,4,1,2,2,4,2,4,9
737,738,7,1,0,4,10,1,2,3,1,0,0,7,2,9,1,9
738,739,8,1,1,4,4,0,0,1,1,1,1,4,3,7,3,4
739,740,9,2,0,4,6,0,0,2,6,0,2,1,5,2,7,7
740,741,7,1,0,4,6,0,2,0,1,1,0,8,5,6,8,2
741,742,9,2,0,4,6,0,0,3,9,0,2,4,7,5,4,9
742,743,0,0,0,4,5,0,1,1,1,1,0,2,8,4,3,6
743,744,8,1,0,4,5,1,2,2,4,0,0,6,6,3,2,2
744,745,9,2,1,4,3,0,0,0,10,1,2,8,8,1,3,8
745,746,1,0,0,4,5,1,1,3,7,0,0,9,9,2,3,3
746,747,9,2,0,4,4,0,2,1,4,1,0,8,9,5,8,6
747,748,10,2,0,4,7,0,0,2,5,0,2,4,9,1,1,8
748,749,1,0,0,4,8,0,1,0,7,1,0,4,10,4,3,5
749,750,7,1,0,4,10,1,2,3,5,0,0,8,10,8,8,9
750,751,7,1,1,4,5,0,0,1,3,1,1,10,5,7,3,9
751,752,6,0,0,4,9,1,1,2,7,0,0,3,5,7,4,1
752,753,7,1,0,4,5,0,2,0,6,1,0,5,7,3,6,6
753,754,2,0,0,4,4,1,0,3,7,0,0,2,9,7,2,4
754,755,5,0,0,4,4,0,1,1,2,1,0,3,6,4,7,6
755,756,7,1,0,4,7,1,2,2,4,0,0,8,8,9,10,10
756,757,6,0,0,4,9,0,0,0,4,1,0,5,6,6,6,6
757,758,8,1,0,4,2,1,1,3,6,0,2,10,9,3,9,8
758,759,9,2,1,4,5,0,2,1,1,1,0,8,4,10,8,3
759,760,3,0,0,4,4,1,0,2,2,0,0,10,9,8,2,2
760,761,6,0,0,4,6,0,1,0,1,1,0,2,1,4,7,4
761,762,7,1,0,4,10,1,2,3,4,0,0,7,8,5,4,6
762,763,10,2,1,4,8,0,1,1,9,1,2,5,6,10,2,7
763,764,2,0,0,4,5,1,1,2,5,0,0,2,4,7,3,5
764,765,7,1,1,4,10,0,2,0,7,1,0,7,1,2,5,5
765,766,4,0,0,4,8,1,0,3,6,0,0,3,4,7,6,3
766,767,0,0,0,4,9,0,1,1,1,1,0,7,9,10,5,4
767,768,7,1,0,4,8,1,2,2,5,0,0,7,4,8,7,1
768,769,4,0,0,4,1,0,0,0,7,1,0,8,7,10,5,1
769,770,5,0,0,4,2,1,1,3,6,0,0,9,9,4,1,6
770,771,9,2,0,4,9,0,2,1,5,1,0,6,3,6,2,8
771,772,1,0,0,4,5,1,0,2,2,0,0,5,1,4,10,3
772,773,9,2,1,4,1,0,0,0,5,1,2,5,8,9,8,7
773,774,7,1,0,4,7,1,2,3,6,0,0,5,7,8,10,5
774,775,6,0,0,4,7,0,0,1,6,1,0,1,8,5,8,2
775,776,10,2,0,4,7,0,0,2,7,0,2,6,3,10,4,9
776,777,9,2,1,4,2,0,0,0,8,1,2,8,5,10,10,7
777,778,3,0,0,4,7,1,0,3,2,0,0,1,3,6,10,4
778,779,9,2,1,4,1,0,0,1,9,1,2,8,8,10,6,7
779,780,7,1,0,4,2,1,2,2,4,0,0,8,1,8,9,7
780,781,5,0,0,4,8,0,0,0,4,1,0,1,8,7,3,3
781,782,0,0,0,4,1,1,1,3,2,0,0,2,4,1,10,3
782,783,9,2,0,4,5,0,2,1,7,1,0,4,8,10,3,9
783,784,2,0,0,4,10,1,0,2,1,0,0,2,1,9,8,3
784,785,4,0,0,4,8,0,1,0,4,1,0,7,9,3,4,3
785,786,7,1,0,4,2,1,2,3,6,0,0,6,10,1,8,3
786,787,3,0,0,4,9,0,0,1,2,1,0,3,2,5,7,3
787,788,0,0,0,4,5,1,1,2,7,0,0,3,8,5,2,5
788,789,7,1,0,4,2,0,2,0,7,1,0,6,8,4,9,5
789,790,6,0,0,4,6,1,0,3,2,0,0,1,6,10,1,5
790,791,7,1,1,4,6,0,1,1,5,1,2,10,9,9,2,5
791,792,9,2,0,4,6,0,1,2,7,0,2,2,3,7,10,9
792,793,8,1,1,4,1,0,0,0,1,1,1,8,5,8,1,3
793,794,1,0,0,4,6,1,1,3,1,0,0,2,3,10,3,5
794,795,9,2,1,4,2,0,2,1,6,1,0,8,4,8,6,3
795,796,9,2,0,4,7,0,0,2,7,0,2,3,4,8,9,9
796,797,10,2,1,4,10,0,0,0,5,1,2,10,1,3,9,7
797,798,7,1,0,4,1,1,2,3,2,0,0,5,4,4,2,5
798,799,5,0,0,4,3,0,0,1,1,1,0,9,7,3,1,1
799,800,6,0,0,4,1,1,1,2,1,0,0,1,10,1,1,5
800,801,7,1,0,4,10,0,2,0,3,1,0,7,8,8,3,7
801,802,6,0,0,4,7,1,0,3,6,0,0,7,10,5,8,3
802,803,8,1,1,4,2,0,1,1,1,1,2,7,4,8,3,8
803,804,7,1,0,4,4,1,2,2,6,0,0,4,4,9,6,6
804,805,10,2,1,4,7,0,0,0,6,1,2,2,10,10,3,7
805,806,0,0,0,4,5,1,1,3,7,0,0,8,9,10,9,4
806,807,9,2,0,4,4,0,2,1,3,1,0,4,2,2,8,8
807,808,4,0,0,4,5,1,0,2,7,0,0,5,8,2,7,6
808,809,1,0,0,4,2,0,1,0,6,1,0,8,2,3,7,6
809,810,7,1,0,4,1,1,2,3,2,0,0,4,4,4,10,7
810,811,8,1,1,4,10,0,0,1,3,1,1,10,1,8,7,10
811,812,10,2,0,4,7,0,0,2,9,0,2,8,3,8,8,8
812,813,10,2,1,4,10,0,0,0,10,1,2,5,6,10,2,9
813,814,7,1,0,4,4,1,0,3,6,0,1,7,3,6,4,2
814,815,2,0,0,4,7,0,1,1,5,1,0,6,5,2,4,6
815,816,7,1,0,4,10,1,2,2,3,0,0,4,10,8,3,5
816,817,5,0,0,4,6,0,0,0,4,1,0,9,8,10,3,1
817,818,1,0,0,4,9,1,1,3,4,0,0,9,4,9,9,5
818,819,9,2,0,4,6,0,2,1,1,1,0,5,1,4,6,6
819,820,9,2,0,4,7,0,0,2,8,0,2,6,2,2,10,10
820,821,6,0,0,4,6,0,1,0,6,1,0,5,3,6,8,6
821,822,7,1,0,4,10,1,2,3,7,0,0,4,8,8,3,5
822,823,5,0,0,4,2,0,0,1,5,1,0,5,1,3,5,2
823,824,4,0,0,4,2,1,1,2,3,0,0,10,9,2,10,5
824,825,7,1,0,4,10,0,2,0,5,1,0,6,1,5,5,10
825,826,10,2,0,4,5,0,0,3,10,0,2,7,4,6,2,8
826,827,2,0,0,4,6,0,1,1,2,1,0,8,9,6,10,6
827,828,9,2,0,4,7,0,0,2,6,0,2,7,1,4,7,10
828,829,7,1,1,4,3,0,0,0,7,1,1,1,4,2,4,8
829,830,10,2,0,4,5,0,0,3,7,0,2,7,6,5,3,9
830,831,9,2,0,4,6,0,2,1,3,1,0,4,3,1,8,3
831,832,3,0,0,4,2,1,0,2,1,0,0,1,6,2,4,2
832,833,1,0,0,4,9,0,1,0,7,1,0,7,7,1,5,6
833,834,7,1,0,4,7,1,2,3,4,0,0,4,6,10,8,1
834,835,1,0,0,4,4,0,0,1,2,1,0,2,5,5,8,3
835,836,0,0,0,4,10,1,1,2,4,0,0,4,4,3,4,3
836,837,7,1,0,4,8,0,2,0,6,1,0,6,2,9,7,10
837,838,6,0,0,4,8,1,0,3,6,0,0,10,9,9,9,3
838,839,7,1,1,4,5,0,1,1,1,1,2,2,3,4,2,4
839,840,7,1,0,4,3,1,2,2,2,0,0,8,9,3,8,1
840,841,7,1,1,4,4,0,0,0,2,1,1,6,1,9,2,6
841,842,3,0,0,4,10,1,1,3,1,0,0,9,5,7,10,1
842,843,10,2,1,4,5,0,0,1,9,1,2,7,8,9,3,8
843,844,4,0,0,4,4,1,0,2,1,0,0,1,6,3,7,6
844,845,9,2,1,4,2,0,0,0,8,1,2,2,1,9,8,9
845,846,7,1,0,4,2,1,2,3,4,0,0,8,6,3,1,10
846,847,4,0,0,4,10,0,0,1,5,1,0,5,6,7,9,3
847,848,8,1,0,4,5,1,1,2,6,0,2,6,4,9,4,6
848,849,7,1,0,4,2,0,2,0,3,1,0,5,6,10,6,1
849,850,2,0,0,4,7,1,0,3,1,0,0,8,5,7,6,6
850,851,5,0,0,4,7,0,1,1,6,1,0,10,7,8,9,2
851,852,7,1,0,4,10,1,2,2,2,0,0,4,10,8,5,10
852,853,3,0,0,4,8,0,0,0,1,1,0,5,6,2,9,4
853,854,5,0,0,4,9,1,1,3,3,0,0,6,5,8,4,5
854,855,10,2,1,4,6,0,0,1,10,1,2,8,3,5,7,7
855,856,6,0,0,4,9,1,0,2,1,0,0,4,10,7,2,2
856,857,3,0,0,4,9,0,1,0,5,1,0,1,4,1,3,5
857,858,7,1,0,4,3,1,2,3,6,0,0,5,9,9,2,9
858,859,5,0,0,4,7,0,0,1,7,1,0,4,10,5,1,1
859,860,8,1,0,4,4,1,1,2,6,0,2,7,7,5,8,8
860,861,7,1,0,4,1,0,2,0,2,1,0,5,6,1,1,6
861,862,3,0,0,4,4,1,0,3,3,0,0,6,4,10,3,4
862,863,7,1,1,4,5,0,1,1,1,1,2,2,4,7,6,3
863,864,7,1,0,4,7,1,2,2,7,0,0,8,5,3,2,3
864,865,5,0,0,4,10,0,0,0,6,1,0,5,2,2,7,3
865,866,0,0,0,4,10,1,1,3,3,0,0,7,6,7,4,5
866,867,9,2,1,4,10,0,2,1,6,1,0,5,3,9,1,9
867,868,3,0,0,4,3,1,0,2,4,0,0,2,5,5,10,6
868,869,8,1,1,4,1,0,1,0,5,1,2,2,5,8,3,6
869,870,7,1,0,4,2,1,2,3,7,0,0,8,1,1,1,6
870,871,1,0,0,4,3,0,0,1,7,1,0,5,3,2,3,6
871,872,5,0,0,4,10,1,1,2,5,0,0,8,3,3,9,5
872,873,7,1,0,4,4,0,2,0,4,1,0,5,5,9,10,6
873,874,7,1,0,4,2,1,0,3,1,0,1,1,10,3,9,2
874,875,0,0,0,4,2,0,1,1,3,1,0,5,5,2,1,1
875,876,9,2,0,4,6,0,0,2,10,0,2,10,3,4,2,7
876,877,6,0,0,4,10,0,0,0,2,1,0,8,2,4,7,2
877,878,0,0,0,4,8,1,1,3,2,0,0,6,4,5,2,6
878,879,9,2,0,4,4,0,2,1,1,1,0,5,9,10,5,8
879,880,7,1,0,4,6,1,0,2,7,0,1,8,5,8,10,3
880,881,5,0,0,4,1,0,1,0,4,1,0,1,9,7,3,3
881,882,7,1,0,4,3,1,2,3,7,0,0,4,3,3,9,2
882,883,6,0,0,4,7,0,0,1,6,1,0,4,2,4,5,3
883,884,7,1,0,4,10,1,1,2,3,0,2,2,4,1,5,10
884,885,7,1,0,4,6,0,2,0,3,1,0,8,1,3,10,3
885,886,1,0,0,4,6,1,0,3,3,0,0,10,4,2,3,2
886,887,7,1,1,4,2,0,1,1,3,1,2,9,1,4,1,3
887,888,8,1,0,4,8,1,2,2,5,0,0,8,4,8,5,9
888,889,6,0,0,4,6,0,0,0,1,1,0,1,6,1,5,4
889,890,3,0,0,4,2,1,1,3,2,0,0,6,10,4,8,4
890,891,9,2,0,4,5,0,2,1,1,1,0,5,8,1,4,1
891,892,6,0,0,4,4,1,0,2,6,0,0,6,3,9,7,4
892,893,3,0,0,4,7,0,1,0,1,1,0,10,8,4,5,4
893,894,7,1,0,4,1,1,2,3,2,0,0,5,3,1,2,2
894,895,8,1,1,4,10,0,0,1,7,1,1,8,6,10,10,9
895,896,1,0,0,4,9,1,1,2,4,0,0,2,10,9,1,6
896,897,8,1,1,4,6,0,2,0,1,1,0,8,1,8,4,1
897,898,8,1,0,4,5,1,0,3,7,0,1,10,4,2,3,5
898,899,0,0,0,4,1,0,1,1,1,1,0,4,7,9,7,6
899,900,7,1,0,4,6,1,2,2,2,0,0,4,7,8,2,6
900,901,7,1,1,4,6,0,0,0,1,1,1,7,9,5,4,1
901,902,3,0,0,4,9,1,1,3,2,0,0,1,4,2,1,6
902,903,9,2,0,4,7,0,2,1,4,1,0,4,1,1,4,2
903,904,4,0,0,4,6,1,0,2,7,0,0,9,10,2,7,6
904,905,0,0,0,4,3,0,1,0,4,1,0,10,1,6,7,6
905,906,7,1,0,4,8,1,2,3,2,0,0,8,7,3,3,9
906,907,8,1,1,4,6,0,0,1,4,1,1,7,6,3,1,6
907,908,0,0,0,4,3,1,1,2,3,0,0,1,10,7,1,1
908,909,7,1,0,4,8,0,2,0,5,1,0,8,5,2,8,3
909,910,7,1,0,4,1,1,0,3,6,0,1,2,10,2,5,8
910,911,3,0,0,4,10,0,1,1,1,1,0,1,10,8,6,6
911,912,7,1,0,4,4,1,2,2,7,0,0,7,7,8,10,5
912,913,6,0,0,4,7,0,0,0,3,1,0,6,9,1,1,4
913,914,5,0,0,4,10,1,1,3,5,0,0,3,10,8,4,2
914,915,9,2,1,4,9,0,2,1,2,1,0,4,4,1,2,7
915,916,3,0,0,4,9,1,0,2,5,0,0,5,7,2,4,3
916,917,5,0,0,4,4,0,1,0,5,1,0,6,8,5,7,3
917,918,7,1,0,4,9,1,2,3,1,0,0,6,6,5,7,4
918,919,10,2,1,4,3,0,0,1,6,1,2,9,8,1,7,9
919,920,7,1,0,4,7,1,1,2,5,0,2,7,5,10,9,1
920,921,7,1,0,4,6,0,2,0,2,1,0,5,9,2,4,10
921,922,6,0,0,4,8,1,0,3,5,0,0,8,8,1,9,2
922,923,6,0,0,4,7,0,1,1,4,1,0,3,7,6,4,6
923,924,7,1,0,4,7,1,2,2,7,0,0,7,3,10,1,3
924,925,2,0,0,4,1,0,0,0,2,1,0,9,3,3,4,2
925,926,1,0,0,4,3,1,1,3,3,0,0,3,8,1,3,1
926,927,9,2,0,4,9,0,2,1,7,1,0,8,8,5,10,3
927,928,1,0,0,4,2,1,0,2,2,0,0,5,4,4,4,5
928,929,10,2,1,4,7,0,0,0,5,1,2,10,4,5,5,10
929,930,7,1,0,4,2,1,2,3,7,0,0,6,7,6,5,10
930,931,7,1,1,4,10,0,0,1,2,1,1,10,1,6,10,7
931,932,9,2,0,4,5,0,0,2,9,0,2,2,5,4,8,7
932,933,7,1,0,4,7,0,2,0,4,1,0,7,6,7,4,9
933,934,1,0,0,4,5,1,0,3,5,0,0,9,4,9,1,1
934,935,6,0,0,4,5,0,1,1,4,1,0,1,2,9,7,3
935,936,7,1,0,4,2,1,2,2,6,0,0,4,2,6,1,7
936,937,7,1,1,4,5,0,0,0,4,1,1,2,9,1,7,2
937,938,5,0,0,4,9,1,1,3,7,0,0,8,10,7,1,1
938,939,9,2,0,4,9,0,2,1,1,1,0,6,4,5,8,8
939,940,9,2,0,4,7,0,0,2,6,0,2,4,4,10,8,10
940,941,2,0,0,4,7,0,1,0,7,1,0,9,8,10,1,5
941,942,9,2,0,4,5,0,0,3,5,0,2,10,10,5,3,9
942,943,5,0,0,4,4,0,0,1,5,1,0,9,5,5,7,4
943,944,2,0,0,4,2,1,1,2,6,0,0,1,7,9,7,3
944,945,8,1,1,4,9,0,2,0,7,1,0,5,8,8,8,10
945,946,7,1,0,4,3,1,0,3,2,0,1,8,2,8,1,4
946,947,7,1,1,4,7,0,1,1,5,1,2,2,8,10,2,4
947,948,7,1,0,4,3,1,2,2,7,0,0,5,4,9,2,10
948,949,6,0,0,4,8,0,0,0,6,1,0,3,10,6,7,3
949,950,2,0,0,4,6,1,1,3,2,0,0,1,6,9,8,3
950,951,9,2,1,4,9,0,0,1,10,1,2,5,9,3,8,9
951,952,0,0,0,4,7,1,0,2,4,0,0,2,9,8,5,6
952,953,4,0,0,4,9,0,1,0,2,1,0,5,10,8,2,3
953,954,7,1,0,4,9,1,2,3,2,0,0,4,2,8,10,8
954,955,9,2,1,4,1,0,0,1,5,1,2,8,1,3,5,8
955,956,2,0,0,4,10,1,1,2,7,0,0,4,5,4,9,2
956,957,10,2,1,4,9,0,0,0,9,1,2,5,9,3,6,8
957,958,8,1,0,4,6,1,0,3,5,0,1,8,4,9,9,8
958,959,10,2,1,4,1,0,0,1,8,1,2,7,1,7,10,8
959,960,9,2,0,4,7,0,0,2,8,0,2,10,4,5,3,7
960,961,8,1,1,4,7,0,0,0,6,1,1,2,2,3,3,8
961,962,10,2,0,4,6,0,0,3,7,0,2,3,9,5,6,8
962,963,9,2,0,4,5,0,2,1,3,1,0,5,1,2,7,6
963,964,6,0,0,4,8,1,0,2,1,0,0,1,3,7,5,6
964,965,3,0,0,4,3,0,1,0,2,1,0,9,6,5,6,1
965,966,7,1,0,4,9,1,2,3,1,0,0,7,4,9,10,2
966,967,3,0,0,4,7,0,0,1,1,1,0,5,8,3,6,6
967,968,6,0,0,4,7,1,1,2,5,0,0,4,10,10,2,4
968,969,7,1,0,4,8,0,2,0,2,1,0,8,6,3,10,8
969,970,6,0,0,4,8,1,0,3,2,0,0,9,3,10,7,2
970,971,2,0,0,4,7,0,1,1,3,1,0,7,9,1,7,6
971,972,9,2,0,4,5,0,0,2,8,0,2,8,10,6,1,7
972,973,9,2,1,4,1,0,0,0,8,1,2,1,2,3,6,9
973,974,5,0,0,4,3,1,1,3,7,0,0,2,9,9,8,5
974,975,9,2,0,4,2,0,2,1,3,1,0,8,6,6,7,4
975,976,5,0,0,4,7,1,0,2,5,0,0,1,1,2,5,5
976,977,5,0,0,4,9,0,1,0,7,1,0,2,2,3,5,4
977,978,7,1,0,4,6,1,2,3,2,0,0,8,1,9,3,3
978,979,10,2,1,4,6,0,0,1,10,1,2,2,10,5,8,8
979,980,0,0,0,4,1,1,1,2,7,0,0,4,2,9,4,2
980,981,7,1,0,4,7,0,2,0,7,1,0,6,6,7,1,7
981,982,5,0,0,4,5,1,0,3,7,0,0,7,9,9,9,5
982,983,4,0,0,4,2,0,1,1,7,1,0,5,2,8,8,6
983,984,9,2,0,4,7,0,0,2,5,0,2,7,8,9,10,9
984,985,10,2,1,4,2,0,0,0,10,1,2,2,9,5,3,8
985,986,10,2,0,4,5,0,0,3,6,0,2,8,7,9,7,10
986,987,9,2,0,4,10,0,2,1,1,1,0,8,6,1,9,1
987,988,7,1,0,4,5,1,0,2,6,0,1,2,7,2,7,9
988,989,5,0,0,4,2,0,1,0,3,1,0,7,5,10,9,6
989,990,7,1,0,4,5,1,2,3,2,0,0,6,4,1,7,9
990,991,0,0,0,4,6,0,0,1,4,1,0,2,2,8,9,1
991,992,8,1,0,4,3,1,1,2,3,0,2,1,4,4,6,6
992,993,7,1,1,4,1,0,2,0,4,1,0,7,10,1,7,4
993,994,10,2,0,4,7,0,0,3,10,0,2,7,6,1,6,8
994,995,2,0,0,4,10,0,1,1,4,1,0,6,1,7,10,5
995,996,7,1,0,4,1,1,2,2,2,0,0,7,1,5,9,9
996,997,9,2,1,4,6,0,0,0,6,1,2,4,6,8,2,9
997,998,10,2,0,4,5,0,0,3,7,0,2,6,3,6,9,7
998,999,9,2,0,4,1,0,2,1,7,1,0,6,8,4,10,3
999,1000,9,2,0,4,7,0,0,2,5,0,2,8,10,9,5,10
1000,1001,1,0,0,4,8,0,1,0,7,1,0,3,8,3,2,6
1001,1002,7,1,0,4,8,1,2,3,3,0,0,7,9,1,10,4
1002,1003,6,0,0,4,8,0,0,1,2,1,0,8,3,1,6,4
1003,1004,3,0,0,4,10,1,1,2,1,0,0,5,7,6,2,1
1004,1005,7,1,0,4,1,0,2,0,4,1,0,4,1,7,8,6
1005,1006,3,0,0,4,8,1,0,3,5,0,0,1,5,2,9,2
1006,1007,4,0,0,4,9,0,1,1,5,1,0,10,9,10,9,4
1007,1008,7,1,0,4,9,1,2,2,1,0,0,8,1,9,10,6
1008,1009,1,0,0,4,8,0,0,0,5,1,0,2,4,3,1,3
1009,1010,5,0,0,4,4,1,1,3,6,0,0,1,9,7,7,3
1010,1011,7,1,0,4,5,0,2,1,3,1,0,5,10,7,8,5
1011,1012,10,2,0,4,6,0,0,2,5,0,2,2,4,10,2,8
1012,1013,3,0,0,4,6,0,1,0,3,1,0,8,9,8,1,6
1013,1014,9,2,0,4,5,0,0,3,10,0,2,1,2,9,6,8
1014,1015,10,2,1,4,9,0,0,1,6,1,2,9,9,9,8,7
1015,1016,2,0,0,4,3,1,1,2,1,0,0,3,7,1,2,5
1016,1017,7,1,0,4,9,0,2,0,7,1,0,8,5,2,3,5
1017,1018,7,1,0,4,7,1,0,3,6,0,1,10,2,3,2,8
1018,1019,10,2,1,4,6,0,0,1,10,1,2,3,5,4,10,8
1019,1020,7,1,0,4,10,1,2,2,7,0,0,6,2,7,5,5
1020,1021,2,0,0,4,6,0,0,0,3,1,0,3,10,1,1,2
1021,1022,4,0,0,4,5,1,1,3,5,0,0,8,5,2,10,6
1022,1023,7,1,1,4,7,0,2,1,7,1,0,7,7,5,8,6
1023,1024,2,0,0,4,10,1,0,2,6,0,0,3,6,3,1,1
1024,1025,1,0,0,4,4,0,1,0,3,1,0,7,6,2,2,2
1025,1026,7,1,0,4,5,1,2,3,4,0,0,8,1,3,8,6
1026,1027,8,1,1,4,9,0,0,1,5,1,1,7,10,9,4,4
1027,1028,5,0,0,4,4,1,1,2,3,0,0,10,2,7,10,6
1028,1029,7,1,0,4,1,0,2,0,7,1,0,7,8,5,7,10
1029,1030,4,0,0,4,5,1,0,3,1,0,0,6,3,8,8,6
1030,1031,1,0,0,4,3,0,1,1,5,1,0,1,4,8,3,4
1031,1032,7,1,0,4,9,1,2,2,2,0,0,7,7,9,10,7
1032,1033,5,0,0,4,9,0,0,0,1,1,0,5,2,9,10,4
1033,1034,7,1,0,4,3,1,1,3,6,0,2,9,7,8,5,3
1034,1035,7,1,1,4,8,0,2,1,5,1,0,6,10,6,4,2
1035,1036,1,0,0,4,9,1,0,2,4,0,0,5,9,6,10,3
1036,1037,3,0,0,4,2,0,1,0,4,1,0,1,1,5,6,2
1037,1038,9,2,0,4,6,0,0,3,8,0,2,7,5,5,4,10
1038,1039,2,0,0,4,8,0,0,1,6,1,0,8,4,2,6,1
1039,1040,4,0,0,4,2,1,1,2,5,0,0,7,9,1,4,4
1040,1041,8,1,1,4,8,0,2,0,3,1,0,4,8,8,4,9
1041,1042,6,0,0,4,4,1,0,3,4,0,0,5,8,7,8,2
1042,1043,0,0,0,4,5,0,1,1,1,1,0,6,10,10,5,2
1043,1044,10,2,0,4,7,0,0,2,9,0,2,7,7,1,5,9
1044,1045,8,1,1,4,2,0,0,0,3,1,1,9,4,1,2,4
1045,1046,9,2,0,4,5,0,0,3,8,0,2,3,8,6,2,10
1046,1047,7,1,0,4,7,0,2,1,6,1,0,4,2,8,4,3
1047,1048,3,0,0,4,8,1,0,2,7,0,0,3,9,6,7,3
1048,1049,4,0,0,4,3,0,1,0,1,1,0,4,6,7,6,3
1049,1050,7,1,0,4,7,1,2,3,7,0,0,8,10,10,10,10
1050,1051,4,0,0,4,9,0,0,1,5,1,0,5,4,10,8,4
1051,1052,1,0,0,4,8,1,1,2,5,0,0,3,7,1,10,6
1052,1053,7,1,0,4,1,0,2,0,6,1,0,5,5,10,2,6
1053,1054,6,0,0,4,7,1,0,3,6,0,0,1,5,7,1,1
1054,1055,1,0,0,4,4,0,1,1,4,1,0,5,4,4,4,1
1055,1056,7,1,0,4,5,1,2,2,6,0,0,7,1,4,3,5
1056,1057,8,1,1,4,1,0,0,0,3,1,1,1,3,8,4,10
1057,1058,9,2,0,4,6,0,0,3,5,0,2,8,9,9,4,10
1058,1059,7,1,0,4,9,0,2,1,5,1,0,7,7,3,10,7
1059,1060,0,0,0,4,2,1,0,2,4,0,0,6,3,3,1,4
1060,1061,6,0,0,4,8,0,1,0,2,1,0,1,10,6,8,3
1061,1062,7,1,0,4,4,1,2,3,4,0,0,4,9,5,4,7
1062,1063,8,1,1,4,10,0,0,1,1,1,1,9,10,5,7,9
1063,1064,3,0,0,4,6,1,1,2,4,0,0,8,8,6,8,2
1064,1065,9,2,1,4,10,0,0,0,7,1,2,5,5,5,1,10
1065,1066,4,0,0,4,6,1,0,3,1,0,0,3,7,5,5,4
1066,1067,6,0,0,4,8,0,1,1,1,1,0,6,6,3,4,6
1067,1068,10,2,0,4,6,0,0,2,5,0,2,9,5,7,4,9
1068,1069,8,1,1,4,8,0,0,0,7,1,1,2,9,7,1,10
1069,1070,0,0,0,4,10,1,1,3,4,0,0,5,2,10,9,4
1070,1071,10,2,1,4,3,0,0,1,7,1,2,1,4,10,10,7
1071,1072,5,0,0,4,8,1,0,2,5,0,0,9,3,3,10,5
1072,1073,10,2,1,4,9,0,0,0,7,1,2,3,3,3,9,8
1073,1074,7,1,0,4,3,1,2,3,5,0,0,6,5,8,4,4
1074,1075,6,0,0,4,2,0,0,1,6,1,0,4,2,10,10,4
1075,1076,4,0,0,4,8,1,1,2,1,0,0,1,9,2,3,2
1076,1077,7,1,0,4,1,0,2,0,5,1,0,5,9,1,8,8
1077,1078,1,0,0,4,10,1,0,3,6,0,0,9,8,8,10,4
1078,1079,3,0,0,4,7,0,1,1,2,1,0,4,1,7,7,2
1079,1080,10,2,0,4,5,0,0,2,6,0,2,1,1,1,7,7
1080,1081,6,0,0,4,6,0,0,0,6,1,0,6,4,5,7,6
1081,1082,9,2,0,4,5,0,0,3,9,0,2,7,10,6,5,10
1082,1083,10,2,1,4,7,0,0,1,7,1,2,9,7,3,9,8
1083,1084,1,0,0,4,6,1,0,2,6,0,0,5,5,1,7,5
1084,1085,0,0,0,4,2,0,1,0,5,1,0,7,2,1,10,6
1085,1086,7,1,0,4,4,1,2,3,2,0,0,7,9,10,6,8
1086,1087,9,2,1,4,9,0,0,1,9,1,2,9,9,4,3,8
1087,1088,5,0,0,4,10,1,1,2,5,0,0,2,9,1,8,4
1088,1089,7,1,0,4,4,0,2,0,3,1,0,4,6,5,6,1
1089,1090,4,0,0,4,8,1,0,3,7,0,0,8,1,2,5,2
1090,1091,9,2,1,4,9,0,0,1,7,1,2,8,3,2,7,8
1091,1092,7,1,0,4,8,1,2,2,3,0,0,5,10,6,10,8
1092,1093,0,0,0,4,3,0,0,0,4,1,0,8,1,6,5,4
1093,1094,3,0,0,4,10,1,1,3,6,0,0,1,7,5,9,1
1094,1095,7,1,0,4,5,0,2,1,6,1,0,4,3,2,6,9
1095,1096,10,2,0,4,7,0,1,2,5,0,2,6,5,8,2,7
1096,1097,4,0,0,4,10,0,1,0,7,1,0,8,2,1,6,3
1097,1098,7,1,0,4,5,1,2,3,7,0,0,8,6,2,10,9
1098,1099,6,0,0,4,9,0,0,1,7,1,0,7,2,4,4,4
1099,1100,9,2,0,4,7,0,0,2,10,0,2,8,3,8,8,9
1100,1101,7,1,0,4,1,0,2,0,2,1,0,7,5,2,2,5
1101,1102,8,1,0,4,9,1,0,3,6,0,1,1,5,3,4,7
1102,1103,8,1,1,4,5,0,1,1,3,1,2,6,8,6,6,9
1103,1104,7,1,0,4,7,1,2,2,6,0,0,8,10,4,6,10
1104,1105,1,0,0,4,6,0,0,0,4,1,0,2,2,4,1,3
1105,1106,9,2,0,4,5,0,0,3,10,0,2,8,4,7,8,7
1106,1107,9,2,1,4,7,0,0,1,10,1,2,1,10,10,5,9
1107,1108,8,1,0,4,2,1,0,2,1,0,1,1,9,1,2,9
1108,1109,6,0,0,4,6,0,1,0,3,1,0,2,4,2,3,4
1109,1110,7,1,0,4,6,1,2,3,5,0,0,7,5,8,1,8
1110,1111,4,0,0,4,10,0,0,1,1,1,0,10,6,7,6,2
1111,1112,10,2,0,4,7,0,0,2,10,0,2,10,6,3,9,10
1112,1113,7,1,0,4,9,0,2,0,2,1,0,8,3,2,1,9
1113,1114,9,2,0,4,7,0,0,3,7,0,2,5,3,10,8,9
1114,1115,2,0,0,4,8,0,1,1,1,1,0,2,8,5,6,6
1115,1116,8,1,0,4,8,1,2,2,1,0,0,6,6,1,7,7
1116,1117,6,0,0,4,7,0,0,0,1,1,0,8,9,6,10,5
1117,1118,1,0,0,4,4,1,1,3,3,0,0,4,8,8,3,3
1118,1119,7,1,0,4,6,0,2,1,3,1,0,4,6,2,3,1
1119,1120,4,0,0,4,5,1,0,2,2,0,0,5,7,4,3,2
1120,1121,0,0,0,4,7,0,1,0,2,1,0,8,1,7,6,5
1121,1122,7,1,0,4,4,1,2,3,1,0,0,6,9,1,5,4
1122,1123,8,1,1,4,10,0,0,1,4,1,1,2,5,4,5,3
1123,1124,10,2,0,4,5,0,0,2,10,0,2,5,8,5,5,8
1124,1125,7,1,0,4,2,0,2,0,7,1,0,8,10,3,8,2
1125,1126,6,0,0,4,9,1,0,3,6,0,0,7,1,9,9,6
1126,1127,8,1,1,4,3,0,1,1,4,1,2,7,2,10,3,7
1127,1128,7,1,0,4,5,1,2,2,4,0,0,8,7,10,7,2
1128,1129,7,1,1,4,8,0,0,0,4,1,1,8,4,6,7,8
1129,1130,5,0,0,4,8,1,1,3,1,0,0,7,6,5,7,4
1130,1131,7,1,0,4,8,0,2,1,6,1,0,4,9,7,7,3
1131,1132,4,0,0,4,8,1,0,2,3,0,0,10,9,9,3,3
1132,1133,1,0,0,4,3,0,1,0,3,1,0,3,9,2,10,1
1133,1134,9,2,0,4,7,0,0,3,5,0,2,6,5,8,10,10
1134,1135,3,0,0,4,4,0,0,1,2,1,0,3,4,5,8,4
1135,1136,5,0,0,4,5,1,1,2,7,0,0,5,6,8,8,3
1136,1137,7,1,0,4,7,0,2,0,1,1,0,8,8,7,4,4
1137,1138,1,0,0,4,9,1,0,3,4,0,0,5,4,1,10,4
1138,1139,9,2,1,4,6,0,0,1,9,1,2,1,4,6,6,9
1139,1140,9,2,0,4,6,0,0,2,9,0,2,5,2,2,1,7
1140,1141,3,0,0,4,3,0,0,0,5,1,0,3,6,6,1,1
1141,1142,0,0,0,4,4,1,1,3,7,0,0,3,9,5,9,1
1142,1143,8,1,1,4,8,0,2,1,4,1,0,4,4,10,2,8
1143,1144,4,0,0,4,3,1,0,2,6,0,0,8,9,9,6,4
1144,1145,5,0,0,4,6,0,1,0,1,1,0,5,3,9,7,6
1145,1146,7,1,0,4,9,1,2,3,2,0,0,7,10,4,1,1
1146,1147,1,0,0,4,1,0,0,1,2,1,0,1,1,6,10,6
1147,1148,5,0,0,4,9,1,1,2,3,0,0,10,3,8,5,4
1148,1149,7,1,0,4,7,0,2,0,3,1,0,8,2,2,1,8
1149,1150,1,0,0,4,6,1,0,3,6,0,0,8,3,10,3,2
1150,1151,5,0,0,4,2,0,1,1,6,1,0,2,1,2,1,2
1151,1152,10,2,0,4,6,0,0,2,9,0,2,3,7,3,2,9
1152,1153,10,2,1,4,9,0,0,0,6,1,2,6,8,1,5,10
1153,1154,1,0,0,4,1,1,1,3,7,0,0,9,8,5,10,6
1154,1155,7,1,0,4,4,0,2,1,6,1,0,6,1,9,5,7
1155,1156,1,0,0,4,5,1,0,2,1,0,0,7,10,3,1,3
1156,1157,4,0,0,4,7,0,1,0,5,1,0,4,5,4,4,5
1157,1158,10,2,0,4,5,0,0,3,5,0,2,9,3,1,8,8
1158,1159,3,0,0,4,1,0,0,1,1,1,0,10,7,5,10,4
1159,1160,5,0,0,4,2,1,1,2,6,0,0,5,4,10,1,4
1160,1161,7,1,0,4,3,0,2,0,3,1,0,7,8,5,6,9
1161,1162,2,0,0,4,8,1,0,3,1,0,0,10,5,9,2,6
1162,1163,6,0,0,4,5,0,1,1,1,1,0,8,1,9,7,1
1163,1164,7,1,0,4,9,1,2,2,4,0,0,7,2,5,5,2
1164,1165,8,1,1,4,8,0,0,0,5,1,1,6,1,10,9,8
1165,1166,7,1,0,4,1,1,1,3,4,0,2,8,3,10,1,4
1166,1167,7,1,0,4,1,0,2,1,3,1,0,7,3,10,2,4
1167,1168,9,2,0,4,6,0,0,2,10,0,2,7,8,5,7,9
1168,1169,9,2,1,4,3,0,0,0,5,1,2,8,9,5,10,10
1169,1170,7,1,0,4,7,1,2,3,2,0,0,4,3,10,2,4
1170,1171,5,0,0,4,7,0,0,1,2,1,0,1,7,7,6,2
1171,1172,5,0,0,4,9,1,1,2,6,0,0,9,6,2,8,5
1172,1173,7,1,0,4,2,0,2,0,1,1,0,4,10,7,2,5
1173,1174,3,0,0,4,9,1,0,3,7,0,0,8,2,10,6,6
1174,1175,7,1,1,4,7,0,1,1,3,1,2,3,10,7,5,7
1175,1176,7,1,0,4,3,1,2,2,5,0,0,7,3,3,3,10
1176,1177,9,2,1,4,4,0,0,0,10,1,2,6,2,2,3,9
1177,1178,4,0,0,4,5,1,1,3,5,0,0,9,2,1,9,2
1178,1179,7,1,0,4,8,0,2,1,5,1,0,6,7,1,5,1
1179,1180,0,0,0,4,5,1,0,2,1,0,0,9,10,8,3,2
1180,1181,4,0,0,4,1,0,1,0,6,1,0,7,4,3,10,4
1181,1182,7,1,0,4,6,1,2,3,5,0,0,7,10,6,2,3
1182,1183,1,0,0,4,2,0,0,1,1,1,0,6,5,5,8,5
1183,1184,7,1,0,4,8,1,1,2,7,0,2,6,7,2,1,7
1184,1185,9,2,1,4,1,0,0,0,9,1,2,9,7,1,3,8
1185,1186,5,0,0,4,4,1,0,3,6,0,0,2,5,1,10,2
1186,1187,2,0,0,4,8,0,1,1,3,1,0,1,10,2,6,1
1187,1188,7,1,0,4,9,1,2,2,5,0,0,5,9,4,6,3
1188,1189,2,0,0,4,3,0,0,0,4,1,0,9,5,4,6,6
1189,1190,7,1,0,4,6,1,1,3,7,0,2,5,2,3,2,4
1190,1191,7,1,0,4,3,0,2,1,6,1,0,8,4,2,5,6
1191,1192,5,0,0,4,6,1,0,2,7,0,0,2,5,9,1,1
1192,1193,6,0,0,4,1,0,1,0,4,1,0,3,4,9,6,6
1193,1194,9,2,0,4,7,0,0,3,5,0,2,8,4,3,6,7
1194,1195,5,0,0,4,2,0,0,1,5,1,0,1,10,9,5,6
1195,1196,10,2,0,4,6,0,0,2,8,0,2,3,2,3,3,7
1196,1197,7,1,0,4,9,0,2,0,5,1,0,4,5,4,1,2
1197,1198,9,2,0,4,6,0,0,3,10,0,2,3,3,9,9,9
1198,1199,6,0,0,4,7,0,1,1,6,1,0,8,6,10,10,2
1199,1200,7,1,0,4,4,1,2,2,1,0,0,7,7,6,10,8
1200,1201,7,1,1,4,10,0,0,0,3,1,1,4,2,2,1,8
1201,1202,7,1,0,4,10,1,1,3,3,0,2,4,2,6,7,6
1202,1203,7,1,0,4,4,0,2,1,2,1,0,6,10,10,6,9
1203,1204,3,0,0,4,6,1,0,2,6,0,0,1,10,10,10,2
1204,1205,4,0,0,4,7,0,1,0,4,1,0,4,1,9,4,2
1205,1206,7,1,0,4,5,1,2,3,2,0,0,4,1,8,4,5
1206,1207,0,0,0,4,8,0,0,1,5,1,0,7,6,9,4,5
1207,1208,4,0,0,4,8,1,1,2,7,0,0,6,3,8,4,1
1208,1209,7,1,0,4,10,0,2,0,2,1,0,7,3,7,1,9
1209,1210,10,2,0,4,7,0,0,3,6,0,2,2,10,6,10,10
1210,1211,4,0,0,4,2,0,1,1,6,1,0,7,6,1,2,3
1211,1212,7,1,0,4,1,1,2,2,7,0,0,5,2,8,8,6
1212,1213,0,0,0,4,5,0,0,0,7,1,0,5,8,8,9,5
1213,1214,2,0,0,4,7,1,1,3,6,0,0,2,8,4,6,2
1214,1215,7,1,0,4,1,0,2,1,3,1,0,4,5,4,5,3
1215,1216,1,0,0,4,10,1,0,2,3,0,0,7,1,9,9,5
1216,1217,3,0,0,4,10,0,1,0,2,1,0,7,8,4,7,2
1217,1218,7,1,0,4,10,1,2,3,3,0,0,7,4,9,2,10
1218,1219,8,1,1,4,4,0,0,1,4,1,1,9,8,6,1,1
1219,1220,5,0,0,4,1,1,1,2,4,0,0,3,10,7,1,2
1220,1221,10,2,1,4,2,0,0,0,8,1,2,10,1,8,6,9
1221,1222,8,1,0,4,8,1,0,3,3,0,1,7,1,5,4,4
1222,1223,4,0,0,4,9,0,1,1,1,1,0,2,6,7,6,5
1223,1224,7,1,0,4,10,1,2,2,2,0,0,4,5,2,6,5
1224,1225,4,0,0,4,10,0,0,0,5,1,0,3,5,2,6,5
1225,1226,0,0,0,4,9,1,1,3,5,0,0,10,7,1,6,5
1226,1227,7,1,0,4,6,0,2,1,6,1,0,6,1,2,9,10
1227,1228,6,0,0,4,2,1,0,2,6,0,0,9,1,8,1,5
1228,1229,0,0,0,4,8,0,1,0,2,1,0,4,1,7,3,6
1229,1230,8,1,0,4,8,1,2,3,3,0,0,6,5,1,7,10
1230,1231,7,1,1,4,2,0,0,1,5,1,1,10,3,5,8,6
1231,1232,5,0,0,4,2,1,1,2,6,0,0,6,6,4,7,3
1232,1233,8,1,1,4,1,0,2,0,3,1,0,6,7,8,3,2
1233,1234,2,0,0,4,2,1,0,3,4,0,0,10,3,7,7,6
1234,1235,2,0,0,4,2,0,1,1,6,1,0,1,8,7,5,4
1235,1236,7,1,0,4,2,1,2,2,6,0,0,8,2,4,4,3
1236,1237,9,2,1,4,4,0,0,0,10,1,2,10,4,5,4,9
1237,1238,6,0,0,4,9,1,1,3,1,0,0,5,7,10,9,2
1238,1239,8,1,1,4,7,0,2,1,1,1,0,6,2,4,6,9
1239,1240,10,2,0,4,6,0,0,2,7,0,2,6,10,10,5,9
1240,1241,6,0,0,4,10,0,1,0,1,1,0,10,1,5,6,1
1241,1242,8,1,0,4,5,1,2,3,7,0,0,5,5,6,3,8
1242,1243,6,0,0,4,6,0,0,1,4,1,0,10,2,5,2,6
1243,1244,9,2,0,4,7,0,0,2,6,0,2,2,4,9,3,8
1244,1245,7,1,0,4,7,0,2,0,6,1,0,6,2,10,7,4
1245,1246,9,2,0,4,7,0,0,3,7,0,2,10,7,8,8,7
1246,1247,8,1,1,4,9,0,1,1,6,1,2,8,3,5,5,1
1247,1248,10,2,0,4,7,0,0,2,8,0,2,7,2,3,8,10
1248,1249,1,0,0,4,6,0,0,0,4,1,0,8,3,10,5,5
1249,1250,5,0,0,4,5,1,1,3,4,0,0,5,3,7,5,1
1250,1251,7,1,0,4,1,0,2,1,6,1,0,7,7,2,2,6
1251,1252,8,1,0,4,4,1,0,2,6,0,1,9,7,2,7,1
1252,1253,0,0,0,4,6,0,1,0,1,1,0,3,9,4,6,2
1253,1254,7,1,0,4,6,1,2,3,1,0,0,8,5,1,7,10
1254,1255,6,0,0,4,8,0,0,1,3,1,0,10,8,5,8,2
1255,1256,5,0,0,4,4,1,1,2,1,0,0,10,4,1,4,1
1256,1257,10,2,1,4,7,0,0,0,8,1,2,10,8,8,1,8
1257,1258,10,2,0,4,6,0,0,3,10,0,2,9,7,4,4,9
1258,1259,6,0,0,4,6,0,1,1,4,1,0,5,5,5,2,3
1259,1260,7,1,0,4,5,1,2,2,2,0,0,8,10,2,9,2
1260,1261,5,0,0,4,5,0,0,0,5,1,0,4,3,2,3,5
1261,1262,8,1,0,4,4,1,1,3,6,0,2,9,8,4,3,9
1262,1263,7,1,0,4,2,0,2,1,6,1,0,5,9,7,2,10
1263,1264,9,2,0,4,6,0,0,2,7,0,2,8,1,2,4,10
1264,1265,9,2,1,4,3,0,0,0,9,1,2,10,1,3,1,7
1265,1266,7,1,0,4,5,1,2,3,3,0,0,7,10,7,8,2
1266,1267,5,0,0,4,9,0,0,1,3,1,0,9,7,2,8,4
1267,1268,1,0,0,4,5,1,1,2,4,0,0,3,1,3,7,2
1268,1269,7,1,1,4,4,0,2,0,5,1,0,4,1,8,8,10
1269,1270,7,1,0,4,8,1,0,3,2,0,1,3,3,4,8,4
1270,1271,1,0,0,4,1,0,1,1,2,1,0,3,4,7,3,1
1271,1272,7,1,0,4,1,1,2,2,4,0,0,7,9,2,7,6
1272,1273,5,0,0,4,4,0,0,0,4,1,0,4,4,7,8,1
1273,1274,6,0,0,4,4,1,1,3,6,0,0,8,1,3,6,1
1274,1275,7,1,0,4,3,0,2,1,7,1,0,6,10,8,8,1
1275,1276,1,0,0,4,1,1,0,2,3,0,0,8,1,4,2,5
1276,1277,2,0,0,4,7,0,1,0,2,1,0,8,3,5,3,5
1277,1278,7,1,0,4,5,1,2,3,7,0,0,7,6,3,5,3
1278,1279,3,0,0,4,8,0,0,1,2,1,0,1,4,2,1,1
1279,1280,3,0,0,4,8,1,1,2,1,0,0,4,3,5,8,2
1280,1281,9,2,1,4,2,0,0,0,9,1,2,10,4,7,4,8
1281,1282,2,0,0,4,1,1,0,3,3,0,0,9,8,8,3,4
1282,1283,6,0,0,4,3,0,1,1,3,1,0,9,8,5,4,6
1283,1284,7,1,0,4,9,1,2,2,5,0,0,4,10,2,1,8
1284,1285,3,0,0,4,10,0,0,0,4,1,0,8,5,9,5,6
1285,1286,9,2,0,4,5,0,0,3,10,0,2,1,10,3,8,9
1286,1287,7,1,1,4,5,0,2,1,2,1,0,5,9,2,3,5
1287,1288,3,0,0,4,5,1,0,2,3,0,0,5,10,9,3,4
1288,1289,7,1,1,4,7,0,1,0,3,1,2,5,3,4,8,3
1289,1290,10,2,0,4,5,0,0,3,10,0,2,6,4,8,7,8
1290,1291,7,1,1,4,7,0,0,1,6,1,1,9,1,2,5,10
1291,1292,9,2,0,4,6,0,0,2,5,0,2,7,2,10,2,10
1292,1293,7,1,0,4,1,0,2,0,7,1,0,4,6,2,8,4
1293,1294,2,0,0,4,10,1,0,3,6,0,0,1,8,10,1,1
1294,1295,4,0,0,4,4,0,1,1,2,1,0,9,1,2,6,4
1295,1296,8,1,0,4,8,1,2,2,5,0,0,4,2,6,7,10
1296,1297,8,1,1,4,1,0,0,0,3,1,1,7,8,3,3,9
1297,1298,3,0,0,4,9,1,1,3,3,0,0,1,6,8,9,6
1298,1299,10,2,1,4,10,0,0,1,7,1,2,6,6,7,9,10
1299,1300,8,1,0,4,5,1,0,2,6,0,1,2,9,3,9,4
1300,1301,4,0,0,4,9,0,1,0,5,1,0,3,5,4,8,6
1301,1302,7,1,0,4,6,1,2,3,1,0,0,4,7,2,6,8
1302,1303,1,0,0,4,9,0,0,1,7,1,0,4,1,7,7,3
1303,1304,7,1,0,4,5,1,1,2,5,0,2,5,10,7,6,10
1304,1305,7,1,0,4,10,0,2,0,1,1,0,6,4,8,8,7
1305,1306,6,0,0,4,8,1,0,3,3,0,0,2,6,8,7,2
1306,1307,1,0,0,4,5,0,1,1,3,1,0,5,3,6,5,5
1307,1308,10,2,0,4,7,0,0,2,6,0,2,7,9,10,3,10
1308,1309,4,0,0,4,3,0,0,0,5,1,0,3,5,6,9,3
1309,1310,4,0,0,4,7,1,1,3,7,0,0,5,8,9,5,1
1310,1311,7,1,0,4,5,0,2,1,3,1,0,4,2,7,1,3
1311,1312,8,1,0,4,1,1,0,2,7,0,1,8,10,4,6,4
1312,1313,10,2,1,4,1,0,0,0,10,1,2,7,2,6,2,9
1313,1314,7,1,0,4,4,1,2,3,4,0,0,4,2,10,8,5
1314,1315,7,1,1,4,1,0,0,1,1,1,1,4,4,6,9,1
1315,1316,0,0,0,4,1,1,1,2,7,0,0,8,10,3,1,3
1316,1317,7,1,0,4,4,0,2,0,2,1,0,8,7,6,10,5
1317,1318,2,0,0,4,10,1,0,3,6,0,0,8,4,9,2,1
1318,1319,4,0,0,4,7,0,1,1,5,1,0,6,4,10,10,3
1319,1320,7,1,0,4,8,1,2,2,2,0,0,5,3,5,1,8
1320,1321,1,0,0,4,1,0,0,0,3,1,0,9,4,10,4,2
1321,1322,7,1,0,4,6,1,1,3,1,0,2,1,10,2,8,2
1322,1323,7,1,0,4,6,0,2,1,6,1,0,8,3,9,5,9
1323,1324,5,0,0,4,4,1,0,2,2,0,0,10,9,1,6,3
1324,1325,9,2,1,4,7,0,0,0,9,1,2,6,10,9,9,10
1325,1326,7,1,0,4,6,1,2,3,2,0,0,7,1,6,7,8
1326,1327,5,0,0,4,5,0,0,1,6,1,0,4,6,8,8,1
1327,1328,8,1,0,4,4,1,1,2,1,0,2,5,8,4,7,1
1328,1329,7,1,0,4,5,0,2,0,2,1,0,7,2,10,8,4
1329,1330,0,0,0,4,10,1,0,3,6,0,0,1,8,9,3,4
1330,1331,9,2,1,4,4,0,0,1,10,1,2,6,9,6,3,9
1331,1332,7,1,0,4,2,1,2,2,7,0,0,6,9,3,8,9
1332,1333,7,1,1,4,2,0,0,0,2,1,1,9,9,8,3,2
1333,1334,6,0,0,4,7,1,1,3,4,0,0,7,2,1,5,4
1334,1335,7,1,0,4,4,0,2,1,2,1,0,6,3,5,6,3
1335,1336,2,0,0,4,6,1,0,2,1,0,0,1,8,2,8,6
1336,1337,6,0,0,4,10,0,1,0,4,1,0,8,5,3,7,6
1337,1338,7,1,0,4,3,1,2,3,3,0,0,6,6,5,2,8
1338,1339,2,0,0,4,9,0,0,1,7,1,0,3,1,3,7,5
1339,1340,5,0,0,4,8,1,1,2,6,0,0,10,1,4,7,5
1340,1341,10,2,1,4,10,0,0,0,9,1,2,2,7,1,1,7
1341,1342,9,2,0,4,6,0,0,3,8,0,2,8,9,7,6,9
1342,1343,8,1,1,4,10,0,1,1,6,1,2,3,9,3,6,4
1343,1344,7,1,0,4,10,1,2,2,3,0,0,7,2,7,2,9
1344,1345,8,1,1,4,6,0,0,0,6,1,1,2,1,4,7,6
1345,1346,10,2,0,4,6,0,0,3,8,0,2,10,6,5,1,10
1346,1347,7,1,0,4,6,0,2,1,2,1,0,4,10,5,6,3
1347,1348,9,2,0,4,5,0,0,2,5,0,2,8,5,3,6,10
1348,1349,2,0,0,4,5,0,1,0,7,1,0,5,3,8,6,5
1349,1350,7,1,0,4,6,1,2,3,3,0,0,6,3,7,9,1
1350,1351,3,0,0,4,2,0,0,1,1,1,0,10,9,1,10,5
1351,1352,7,1,0,4,8,1,1,2,1,0,2,3,2,2,4,2
1352,1353,10,2,1,4,10,0,0,0,5,1,2,6,2,3,6,8
1353,1354,1,0,0,4,2,1,0,3,2,0,0,9,6,8,8,6
1354,1355,9,2,1,4,7,0,0,1,8,1,2,2,10,3,3,10
1355,1356,10,2,0,4,7,0,0,2,10,0,2,1,1,3,5,7
1356,1357,4,0,0,4,2,0,0,0,7,1,0,7,5,7,6,4
1357,1358,7,1,0,4,5,1,1,3,2,0,2,7,2,3,8,5
1358,1359,7,1,0,4,5,0,2,1,6,1,0,4,10,2,4,4
1359,1360,4,0,0,4,2,1,0,2,5,0,0,2,4,1,5,5
1360,1361,1,0,0,4,9,0,1,0,4,1,0,8,8,4,10,6
1361,1362,7,1,0,4,10,1,2,3,1,0,0,6,5,9,10,2
1362,1363,1,0,0,4,5,0,0,1,6,1,0,3,1,5,3,5
1363,1364,5,0,0,4,1,1,1,2,6,0,0,10,9,6,6,3
1364,1365,7,1,1,4,3,0,2,0,1,1,0,5,10,6,1,10
1365,1366,6,0,0,4,7,1,0,3,6,0,0,7,3,1,10,4
1366,1367,10,2,1,4,8,0,0,1,5,1,2,1,1,9,5,7
1367,1368,7,1,0,4,4,1,2,2,4,0,0,5,4,4,10,2
1368,1369,1,0,0,4,5,0,0,0,1,1,0,1,3,6,4,6
1369,1370,4,0,0,4,9,1,1,3,4,0,0,4,5,7,2,1
1370,1371,7,1,0,4,4,0,2,1,4,1,0,4,6,1,4,10
1371,1372,5,0,0,4,7,1,0,2,6,0,0,2,7,8,5,1
1372,1373,6,0,0,4,6,0,1,0,7,1,0,4,1,4,1,1
1373,1374,8,1,0,4,8,1,2,3,2,0,0,5,3,6,5,7
1374,1375,10,2,1,4,4,0,0,1,10,1,2,10,8,3,1,9
1375,1376,7,1,0,4,1,1,1,2,3,0,2,5,10,6,9,3
1376,1377,7,1,0,4,1,0,2,0,5,1,0,5,4,5,9,9
1377,1378,10,2,0,4,7,0,0,3,7,0,2,10,5,3,7,10
1378,1379,1,0,0,4,2,0,1,1,5,1,0,9,8,9,8,1
1379,1380,7,1,0,4,5,1,2,2,1,0,0,5,8,3,6,6
1380,1381,0,0,0,4,9,0,0,0,7,1,0,1,10,4,3,3
1381,1382,8,1,0,4,1,1,1,3,5,0,2,9,10,4,4,7
1382,1383,7,1,0,4,2,0,2,1,2,1,0,8,5,1,7,9
1383,1384,6,0,0,4,5,1,0,2,1,0,0,6,2,3,6,4
1384,1385,0,0,0,4,8,0,1,0,7,1,0,9,7,1,9,4
1385,1386,7,1,0,4,1,1,2,3,1,0,0,6,6,10,2,5
1386,1387,5,0,0,4,9,0,0,1,3,1,0,3,8,5,6,4
1387,1388,2,0,0,4,2,1,1,2,7,0,0,8,3,7,1,6
1388,1389,7,1,0,4,10,0,2,0,2,1,0,5,1,7,5,10
1389,1390,10,2,0,4,6,0,0,3,9,0,2,7,9,10,5,9
1390,1391,5,0,0,4,6,0,1,1,4,1,0,3,9,2,6,1
1391,1392,10,2,0,4,6,0,0,2,8,0,2,1,6,3,5,7
1392,1393,3,0,0,4,4,0,0,0,2,1,0,5,4,6,6,1
1393,1394,1,0,0,4,8,1,1,3,2,0,0,1,4,6,6,5
1394,1395,7,1,1,4,4,0,2,1,5,1,0,5,10,4,6,5
1395,1396,10,2,0,4,5,0,0,2,8,0,2,8,8,6,7,8
1396,1397,4,0,0,4,9,0,1,0,1,1,0,10,9,8,3,3
1397,1398,7,1,0,4,6,1,2,3,1,0,0,4,3,3,6,2
1398,1399,2,0,0,4,3,0,0,1,6,1,0,5,3,6,8,2
1399,1400,7,1,0,4,5,1,1,2,3,0,2,8,9,10,1,10
1400,1401,7,1,0,4,10,0,2,0,4,1,0,7,8,4,3,2
1401,1402,7,1,0,4,3,1,0,3,6,0,1,4,7,8,9,1
1402,1403,1,0,0,4,7,0,1,1,4,1,0,8,7,7,1,4
1403,1404,7,1,0,4,1,1,2,2,2,0,0,6,1,8,4,10
1404,1405,8,1,1,4,5,0,0,0,4,1,1,4,6,5,1,9
1405,1406,1,0,0,4,4,1,1,3,2,0,0,5,2,3,5,4
1406,1407,7,1,0,4,8,0,2,1,4,1,0,6,1,5,9,8
1407,1408,9,2,0,4,5,0,0,2,7,0,2,8,2,2,4,8
1408,1409,9,2,1,4,9,0,0,0,7,1,2,3,3,5,6,8
1409,1410,7,1,0,4,6,1,2,3,2,0,0,8,5,7,4,8
1410,1411,8,1,1,4,8,0,0,1,6,1,1,4,1,7,2,7
1411,1412,8,1,0,4,2,1,1,2,6,0,2,4,4,4,5,10
1412,1413,10,2,1,4,7,0,1,0,8,1,2,1,7,1,1,10
1413,1414,5,0,0,4,9,1,0,3,1,0,0,9,9,10,10,1
1414,1415,0,0,0,4,4,0,1,1,3,1,0,4,2,2,4,6
1415,1416,10,2,0,4,7,0,0,2,8,0,2,9,7,9,5,10
1416,1417,3,0,0,4,8,0,0,0,1,1,0,4,8,6,10,4
1417,1418,5,0,0,4,8,1,1,3,7,0,0,5,2,7,3,4
1418,1419,10,2,1,4,10,0,0,1,10,1,2,4,1,4,2,10
1419,1420,9,2,0,4,6,0,0,2,9,0,2,9,7,2,8,8
1420,1421,6,0,0,4,9,0,1,0,6,1,0,3,1,4,4,5
1421,1422,7,1,0,4,10,1,2,3,1,0,0,5,3,10,7,10
1422,1423,7,1,1,4,3,0,0,1,3,1,1,4,4,1,5,5
1423,1424,8,1,0,4,2,1,1,2,7,0,2,3,4,10,10,5
1424,1425,7,1,0,4,6,0,2,0,4,1,0,6,5,4,5,7
1425,1426,1,0,0,4,5,1,0,3,7,0,0,6,1,10,7,6
1426,1427,2,0,0,4,7,0,1,1,5,1,0,8,9,3,7,4
1427,1428,7,1,0,4,4,1,2,2,5,0,0,8,4,6,10,10
1428,1429,7,1,1,4,8,0,0,0,6,1,1,4,6,5,9,5
1429,1430,6,0,0,4,3,1,1,3,7,0,0,5,5,2,2,2
1430,1431,7,1,1,4,8,0,2,1,7,1,0,6,6,2,1,5
1431,1432,6,0,0,4,2,1,0,2,1,0,0,9,10,9,3,4
1432,1433,5,0,0,4,3,0,1,0,2,1,0,4,10,10,3,4
1433,1434,10,2,0,4,7,0,0,3,7,0,2,5,9,3,1,9
1434,1435,7,1,1,4,10,0,0,1,2,1,1,1,10,10,7,8
1435,1436,1,0,0,4,1,1,1,2,2,0,0,2,9,8,4,6
1436,1437,7,1,0,4,6,0,2,0,6,1,0,4,9,4,9,4
1437,1438,10,2,0,4,5,0,1,3,6,0,2,4,6,7,1,10
1438,1439,4,0,0,4,6,0,1,1,5,1,0,8,5,4,3,3
1439,1440,8,1,0,4,2,1,2,2,4,0,0,7,1,5,2,5
1440,1441,6,0,0,4,10,0,0,0,5,1,0,8,2,4,2,6
1441,1442,10,2,0,4,7,0,0,3,7,0,2,8,1,6,3,10
1442,1443,7,1,1,4,3,0,2,1,1,1,0,4,4,8,2,4
1443,1444,3,0,0,4,9,1,0,2,3,0,0,8,2,9,9,1
1444,1445,0,0,0,4,6,0,1,0,4,1,0,10,2,8,10,6
1445,1446,7,1,0,4,1,1,2,3,1,0,0,4,1,7,9,10
1446,1447,9,2,1,4,1,0,0,1,7,1,2,5,2,10,8,9
1447,1448,0,0,0,4,8,1,1,2,4,0,0,1,10,5,5,5
1448,1449,9,2,1,4,8,0,0,0,5,1,2,8,4,5,5,7
1449,1450,6,0,0,4,1,1,0,3,4,0,0,8,5,4,5,3
1450,1451,6,0,0,4,9,0,1,1,7,1,0,1,9,4,5,6
1451,1452,9,2,0,4,7,0,0,2,8,0,2,2,1,1,9,10
1452,1453,10,2,1,4,2,0,0,0,5,1,2,6,9,4,9,9
1453,1454,8,1,0,4,4,1,1,3,3,0,2,4,7,6,7,7
1454,1455,7,1,1,4,6,0,2,1,5,1,0,4,5,6,2,1
1455,1456,9,2,0,4,5,0,0,2,9,0,2,5,6,5,9,8
1456,1457,4,0,0,4,5,0,1,0,5,1,0,10,5,4,6,5
1457,1458,7,1,0,4,4,1,2,3,5,0,0,8,6,5,5,8
1458,1459,8,1,1,4,5,0,0,1,6,1,1,4,10,2,8,8
1459,1460,7,1,0,4,5,1,1,2,6,0,2,8,6,8,4,3
1460,1461,7,1,0,4,4,0,2,0,6,1,0,6,4,2,9,4
1461,1462,7,1,0,4,10,1,0,3,5,0,1,4,3,9,8,1
1462,1463,7,1,1,4,8,0,1,1,3,1,2,2,10,7,9,6
1463,1464,7,1,0,4,1,1,2,2,7,0,0,5,10,9,9,10
1464,1465,9,2,1,4,3,0,0,0,6,1,2,5,7,3,9,7
1465,1466,8,1,0,4,1,1,1,3,4,0,2,7,5,7,10,8
1466,1467,7,1,0,4,7,0,2,1,5,1,0,7,6,7,4,1
1467,1468,0,0,0,4,7,1,0,2,1,0,0,7,2,8,9,4
1468,1469,9,2,1,4,4,0,0,0,9,1,2,10,2,8,1,10
1469,1470,7,1,0,4,6,1,2,3,2,0,0,7,10,9,3,5
1470,1471,9,2,1,4,9,0,0,1,9,1,2,1,7,4,1,10
1471,1472,6,0,0,4,2,1,1,2,4,0,0,6,6,9,5,6
1472,1473,7,1,0,4,1,0,2,0,4,1,0,5,3,5,7,2
1473,1474,10,2,0,4,6,0,0,3,6,0,2,4,9,6,2,10
1474,1475,7,1,1,4,9,0,1,1,4,1,2,1,3,2,4,6
1475,1476,8,1,0,4,9,1,2,2,5,0,0,6,3,3,6,7
1476,1477,7,1,1,4,2,0,0,0,4,1,1,5,1,4,2,3
1477,1478,1,0,0,4,3,1,1,3,2,0,0,9,6,7,2,4
1478,1479,8,1,1,4,4,0,2,1,2,1,0,4,4,2,3,5
1479,1480,3,0,0,4,6,1,0,2,7,0,0,8,2,8,7,3
1480,1481,2,0,0,4,2,0,1,0,3,1,0,8,1,10,2,4
1481,1482,9,2,0,4,7,0,0,3,7,0,2,1,10,10,5,9
1482,1483,8,1,1,4,4,0,0,1,7,1,1,10,4,1,5,3
1483,1484,9,2,0,4,5,0,0,2,6,0,2,2,4,7,9,9
1484,1485,7,1,0,4,1,0,2,0,6,1,0,7,7,5,2,7
1485,1486,4,0,0,4,5,1,0,3,5,0,0,6,3,4,9,6
1486,1487,1,0,0,4,1,0,1,1,2,1,0,7,2,10,5,4
1487,1488,9,2,0,4,5,0,0,2,9,0,2,10,6,2,1,8
1488,1489,2,0,0,4,2,0,0,0,7,1,0,7,10,5,8,2
1489,1490,6,0,0,4,3,1,1,3,1,0,0,6,1,6,4,4
1490,1491,8,1,1,4,7,0,2,1,3,1,0,8,6,5,2,9
1491,1492,1,0,0,4,6,1,0,2,7,0,0,10,8,10,1,2
1492,1493,2,0,0,4,2,0,1,0,5,1,0,4,1,2,5,5
1493,1494,7,1,0,4,1,1,2,3,1,0,0,7,4,3,6,3
1494,1495,1,0,0,4,5,0,0,1,3,1,0,3,4,10,2,4
1495,1496,0,0,0,4,9,1,1,2,3,0,0,3,7,6,8,2
1496,1497,7,1,1,4,1,0,2,0,7,1,0,6,5,5,1,1
1497,1498,7,1,0,4,5,1,0,3,4,0,1,1,10,6,5,2
1498,1499,7,1,1,4,10,0,1,1,1,1,2,3,3,6,8,9
1499,1500,7,1,0,4,7,1,2,2,5,0,0,5,1,4,4,5
1500,1501,1,0,0,4,3,0,0,0,7,1,0,10,4,4,7,6
1501,1502,3,0,0,4,1,1,1,3,3,0,0,1,1,7,1,5
1502,1503,10,2,1,4,2,0,0,1,7,1,2,2,9,5,7,10
1503,1504,10,2,0,4,5,0,0,2,5,0,2,3,3,3,8,7
1504,1505,1,0,0,4,4,0,1,0,2,1,0,10,7,6,5,4
1505,1506,7,1,0,4,6,1,2,3,3,0,0,6,9,8,4,4
1506,1507,3,0,0,4,1,0,0,1,6,1,0,6,5,3,1,6
1507,1508,5,0,0,4,6,1,1,2,1,0,0,5,5,6,4,3
1508,1509,7,1,0,4,7,0,2,0,4,1,0,6,6,5,8,8
1509,1510,5,0,0,4,9,1,0,3,1,0,0,1,9,9,5,3
1510,1511,4,0,0,4,7,0,1,1,5,1,0,9,5,10,1,3
1511,1512,7,1,0,4,10,1,2,2,6,0,0,6,8,4,7,6
1512,1513,3,0,0,4,8,0,0,0,5,1,0,3,3,10,2,1
1513,1514,4,0,0,4,4,1,1,3,7,0,0,4,4,9,4,1
1514,1515,7,1,0,4,1,0,2,1,3,1,0,4,9,3,1,4
1515,1516,0,0,0,4,9,1,0,2,4,0,0,2,1,1,1,3
1516,1517,3,0,0,4,10,0,1,0,6,1,0,4,10,4,1,4
1517,1518,7,1,0,4,6,1,2,3,7,0,0,6,6,8,8,9
1518,1519,6,0,0,4,6,0,0,1,5,1,0,2,10,7,4,6
1519,1520,10,2,0,4,6,0,0,2,6,0,2,4,7,2,9,7
1520,1521,7,1,0,4,7,0,2,0,6,1,0,6,9,4,1,3
1521,1522,8,1,0,4,3,1,0,3,2,0,1,8,8,4,5,3
1522,1523,6,0,0,4,2,0,1,1,5,1,0,7,10,5,5,5
1523,1524,10,2,0,4,7,0,0,2,9,0,2,7,5,9,8,7
1524,1525,5,0,0,4,2,0,0,0,3,1,0,5,3,6,8,1
1525,1526,2,0,0,4,10,1,1,3,6,0,0,3,1,6,1,5
1526,1527,7,1,0,4,2,0,2,1,7,1,0,6,1,8,6,5
1527,1528,7,1,0,4,8,1,0,2,6,0,1,6,3,2,10,3
1528,1529,5,0,0,4,1,0,1,0,3,1,0,10,7,8,1,3
1529,1530,7,1,0,4,9,1,2,3,6,0,0,6,10,2,9,2
1530,1531,1,0,0,4,2,0,0,1,2,1,0,10,9,7,8,1
1531,1532,5,0,0,4,3,1,1,2,3,0,0,8,9,4,10,6
1532,1533,7,1,0,4,5,0,2,0,2,1,0,6,2,3,1,10
1533,1534,10,2,0,4,5,0,0,3,6,0,2,1,1,8,4,9
1534,1535,8,1,1,4,9,0,1,1,5,1,2,7,4,10,6,10
1535,1536,7,1,0,4,1,1,2,2,4,0,0,4,1,5,8,10
1536,1537,7,1,1,4,9,0,0,0,2,1,1,8,6,5,4,9
1537,1538,7,1,0,4,3,1,1,3,3,0,2,9,10,8,10,2
1538,1539,9,2,1,4,2,0,0,1,7,1,2,9,1,3,6,7
1539,1540,4,0,0,4,7,1,0,2,5,0,0,1,4,3,6,2
1540,1541,1,0,0,4,6,0,1,0,7,1,0,4,2,2,1,3
1541,1542,7,1,0,4,1,1,2,3,3,0,0,4,1,4,4,3
1542,1543,10,2,1,4,2,0,0,1,8,1,2,6,8,8,9,7
1543,1544,1,0,0,4,10,1,1,2,2,0,0,10,9,8,1,1
1544,1545,7,1,0,4,8,0,2,0,6,1,0,6,4,3,2,3
1545,1546,6,0,0,4,7,1,0,3,6,0,0,8,7,5,2,3
1546,1547,10,2,1,4,8,0,0,1,8,1,2,7,5,4,5,10
1547,1548,7,1,0,4,5,1,2,2,3,0,0,7,7,8,7,4
1548,1549,2,0,0,4,7,0,0,0,4,1,0,9,1,9,5,2
1549,1550,9,2,0,4,7,0,0,3,6,0,2,1,7,3,7,9
1550,1551,7,1,0,4,7,0,2,1,2,1,0,7,2,10,5,9
1551,1552,1,0,0,4,9,1,0,2,7,0,0,1,4,7,5,5
1552,1553,0,0,0,4,6,0,1,0,2,1,0,9,4,3,1,1
1553,1554,7,1,0,4,3,1,2,3,1,0,0,6,9,9,5,4
1554,1555,4,0,0,4,9,0,0,1,5,1,0,4,10,8,5,3
1555,1556,8,1,0,4,8,1,1,2,6,0,2,2,5,8,7,7
1556,1557,10,2,1,4,9,0,0,0,7,1,2,10,9,5,1,7
1557,1558,8,1,0,4,7,1,0,3,6,0,1,3,4,5,3,5
1558,1559,1,0,0,4,4,0,1,1,4,1,0,9,1,1,2,2
1559,1560,7,1,0,4,3,1,2,2,4,0,0,6,6,9,6,3
1560,1561,9,2,1,4,8,0,0,0,10,1,2,4,6,5,5,8
1561,1562,2,0,0,4,7,1,1,3,2,0,0,9,9,6,9,6
1562,1563,7,1,0,4,9,0,2,1,4,1,0,5,6,2,8,4
1563,1564,7,1,0,4,4,1,0,2,5,0,1,5,3,3,4,10
1564,1565,7,1,1,4,7,0,1,0,6,1,2,9,10,6,8,2
1565,1566,7,1,0,4,7,1,2,3,4,0,0,5,5,5,9,9
1566,1567,4,0,0,4,9,0,0,1,6,1,0,10,5,9,7,1
1567,1568,1,0,0,4,8,1,1,2,5,0,0,8,9,2,5,5
1568,1569,7,1,0,4,4,0,2,0,4,1,0,7,10,7,6,4
1569,1570,8,1,0,4,9,1,0,3,1,0,1,7,9,2,8,6
1570,1571,8,1,1,4,6,0,1,1,7,1,2,7,8,1,8,6
1571,1572,7,1,0,4,9,1,2,2,1,0,0,4,10,9,8,7
1572,1573,1,0,0,4,7,0,0,0,4,1,0,2,3,3,9,2
1573,1574,0,0,0,4,8,1,1,3,1,0,0,1,9,10,10,1
1574,1575,7,1,1,4,2,0,2,1,6,1,0,8,5,5,1,7
1575,1576,4,0,0,4,6,1,0,2,6,0,0,10,1,1,2,2
1576,1577,3,0,0,4,9,0,1,0,5,1,0,8,6,4,1,5
1577,1578,7,1,0,4,1,1,2,3,3,0,0,8,5,7,2,9
1578,1579,1,0,0,4,9,0,0,1,7,1,0,3,4,3,2,4
1579,1580,3,0,0,4,9,1,1,2,3,0,0,10,5,9,6,4
1580,1581,7,1,0,4,1,0,2,0,7,1,0,8,2,5,10,5
1581,1582,10,2,0,4,5,0,0,3,7,0,2,7,8,4,1,9
1582,1583,5,0,0,4,2,0,1,1,3,1,0,8,7,4,8,6
1583,1584,9,2,0,4,5,0,0,2,7,0,2,8,2,3,6,7
1584,1585,8,1,1,4,10,0,0,0,5,1,1,8,3,9,5,7
1585,1586,7,1,0,4,10,1,1,3,5,0,2,4,5,5,4,7
1586,1587,7,1,0,4,7,0,2,1,2,1,0,4,3,5,1,1
1587,1588,4,0,0,4,7,1,0,2,3,0,0,10,10,2,4,2
1588,1589,0,0,0,4,10,0,1,0,7,1,0,4,9,1,4,2
1589,1590,7,1,0,4,7,1,2,3,7,0,0,5,8,2,5,2
1590,1591,5,0,0,4,7,0,0,1,7,1,0,3,5,10,2,4
1591,1592,0,0,0,4,5,1,1,2,3,0,0,1,4,1,1,4
1592,1593,9,2,1,4,5,0,0,0,6,1,2,8,6,2,1,7
1593,1594,2,0,0,4,6,1,0,3,4,0,0,4,2,9,4,4
1594,1595,4,0,0,4,1,0,1,1,7,1,0,6,5,7,8,1
1595,1596,7,1,0,4,6,1,2,2,4,0,0,7,10,9,9,5
1596,1597,0,0,0,4,8,0,0,0,3,1,0,6,3,1,7,5
1597,1598,4,0,0,4,1,1,1,3,3,0,0,6,4,6,1,6
1598,1599,7,1,0,4,1,0,2,1,2,1,0,6,1,5,3,6
1599,1600,10,2,0,4,6,0,0,2,9,0,2,10,4,6,3,7
1600,1601,0,0,0,4,5,0,1,0,5,1,0,8,1,1,5,5
1601,1602,10,2,0,4,5,0,0,3,5,0,2,7,6,9,5,8
1602,1603,8,1,1,4,9,0,0,1,6,1,1,3,10,4,1,5
1603,1604,5,0,0,4,8,1,1,2,5,0,0,2,2,7,10,1
1604,1605,7,1,0,4,10,0,2,0,7,1,0,5,10,4,1,3
1605,1606,5,0,0,4,8,1,0,3,1,0,0,7,7,6,5,4
1606,1607,2,0,0,4,7,0,1,1,6,1,0,2,5,6,6,5
1607,1608,7,1,0,4,1,1,2,2,6,0,0,4,7,8,4,3
1608,1609,5,0,0,4,2,0,0,0,5,1,0,3,2,3,2,6
1609,1610,7,1,0,4,5,1,1,3,3,0,2,8,3,5,1,9
1610,1611,7,1,1,4,3,0,2,1,6,1,0,7,5,2,1,5
1611,1612,10,2,0,4,7,0,0,2,9,0,2,1,6,5,5,9
1612,1613,9,2,1,4,2,0,0,0,10,1,2,7,6,2,10,10
1613,1614,7,1,0,4,1,1,2,3,5,0,0,8,8,7,4,8
1614,1615,5,0,0,4,6,0,0,1,3,1,0,5,1,6,2,4
1615,1616,1,0,0,4,3,1,1,2,2,0,0,8,1,6,10,1
1616,1617,7,1,0,4,8,0,2,0,1,1,0,8,8,6,10,7
1617,1618,3,0,0,4,5,1,0,3,1,0,0,7,7,8,10,3
1618,1619,3,0,0,4,5,0,1,1,2,1,0,4,2,5,9,1
1619,1620,7,1,0,4,4,1,2,2,7,0,0,5,8,8,6,2
1620,1621,2,0,0,4,8,0,0,0,4,1,0,1,6,10,4,4
1621,1622,2,0,0,4,4,1,1,3,5,0,0,4,5,9,9,6
1622,1623,7,1,0,4,1,0,2,1,5,1,0,8,7,9,9,7
1623,1624,9,2,0,4,6,0,0,2,5,0,2,8,8,5,8,10
1624,1625,2,0,0,4,4,0,1,0,1,1,0,8,4,6,7,6
1625,1626,7,1,0,4,1,1,2,3,6,0,0,5,7,5,9,6
1626,1627,10,2,1,4,5,0,0,1,9,1,2,9,2,9,1,7
1627,1628,9,2,0,4,7,1,0,2,9,0,2,4,3,4,3,10
1628,1629,7,1,0,4,5,0,2,0,4,1,0,4,1,5,10,6
1629,1630,9,2,0,4,7,0,0,3,7,0,2,9,4,6,2,10
1630,1631,7,1,1,4,8,0,1,1,6,1,2,3,2,2,1,2
1631,1632,7,1,0,4,9,1,2,2,1,0,0,7,3,5,3,8
1632,1633,9,2,1,4,2,0,0,0,9,1,2,7,4,4,10,8
1633,1634,6,0,0,4,9,1,1,3,1,0,0,3,9,8,9,6
1634,1635,7,1,0,4,9,0,2,1,5,1,0,6,10,2,8,1
1635,1636,7,1,0,4,7,1,0,2,5,0,1,8,7,1,9,7
1636,1637,2,0,0,4,2,0,1,0,1,1,0,2,8,10,9,3
1637,1638,7,1,1,4,5,1,2,3,4,0,0,5,4,10,4,10
1638,1639,6,0,0,4,6,0,0,1,6,1,0,6,8,3,2,5
1639,1640,1,0,0,4,6,1,1,2,3,0,0,8,8,9,8,3
1640,1641,7,1,0,4,6,0,2,0,2,1,0,5,10,2,10,5
1641,1642,2,0,0,4,3,1,0,3,4,0,0,3,7,6,3,5
1642,1643,4,0,0,4,6,0,1,1,6,1,0,9,9,3,2,5
1643,1644,10,2,0,4,7,0,0,2,5,0,2,8,9,7,10,10
1644,1645,0,0,0,4,10,0,0,0,2,1,0,8,8,5,6,5
1645,1646,3,0,0,4,7,1,1,3,4,0,0,7,1,2,2,1
1646,1647,8,1,1,4,1,0,2,1,5,1,0,6,3,1,4,7
1647,1648,4,0,0,4,9,1,0,2,1,0,0,8,9,4,3,6
1648,1649,3,0,0,4,7,0,1,0,7,1,0,10,10,3,8,4
1649,1650,7,1,0,4,4,1,2,3,2,0,0,5,8,3,9,10
1650,1651,8,1,1,4,5,0,0,1,7,1,1,9,3,9,5,3
1651,1652,6,0,0,4,9,1,1,2,2,0,0,8,5,9,5,2
1652,1653,7,1,0,4,5,0,2,0,3,1,0,7,9,3,5,6
1653,1654,10,2,0,4,7,0,0,3,5,0,2,10,6,6,1,10
1654,1655,4,0,0,4,9,0,1,1,1,1,0,2,6,9,8,4
1655,1656,10,2,0,4,5,1,0,2,5,0,2,1,8,3,2,8
1656,1657,5,0,0,4,2,0,0,0,5,1,0,6,5,8,3,6
1657,1658,2,0,0,4,2,1,1,3,3,0,0,3,2,9,3,6
1658,1659,9,2,1,4,8,0,0,1,5,1,2,10,5,8,3,8
1659,1660,5,0,0,4,1,1,0,2,3,0,0,4,6,2,2,1
1660,1661,10,2,1,4,7,0,0,0,5,1,0,6,3,2,4,7
1661,1662,7,1,0,4,5,1,2,3,3,0,0,8,9,2,10,2
1662,1663,7,1,1,4,10,0,0,1,5,1,1,1,1,4,1,10
1663,1664,9,2,0,4,7,0,0,2,5,0,2,6,5,10,7,9
1664,1665,7,1,0,4,10,0,2,0,3,1,0,5,1,8,3,9
1665,1666,2,0,0,4,4,1,0,3,1,0,0,2,9,1,4,3
1666,1667,5,0,0,4,5,0,1,1,2,1,0,9,4,10,8,3
1667,1668,7,1,0,4,2,1,2,2,6,0,0,6,8,4,9,1
1668,1669,9,2,1,4,6,0,0,0,6,1,2,3,3,1,4,10
1669,1670,2,0,0,4,3,1,1,3,4,0,0,4,9,5,1,2
1670,1671,7,1,0,4,9,0,2,1,4,1,0,5,9,1,9,3
1671,1672,0,0,0,4,6,1,0,2,6,0,0,9,1,3,5,4
1672,1673,1,0,0,4,7,0,1,0,6,1,0,8,3,10,6,5
1673,1674,7,1,0,4,7,1,2,3,2,0,0,7,8,10,8,2
1674,1675,10,2,1,4,7,0,0,1,10,1,2,10,1,8,1,10
1675,1676,0,0,0,4,3,1,1,2,6,0,0,8,8,2,5,3
1676,1677,7,1,1,4,1,0,2,0,2,1,0,6,9,5,2,7
1677,1678,0,0,0,4,6,1,0,3,6,0,0,4,1,7,9,3
1678,1679,7,1,1,4,8,0,1,1,3,1,2,7,1,4,10,2
1679,1680,7,1,0,4,6,1,2,2,3,0,0,5,8,7,6,2
1680,1681,3,0,0,4,10,0,0,0,2,1,0,10,6,5,3,6
1681,1682,5,0,0,4,2,1,1,3,7,0,0,5,6,10,3,2
1682,1683,10,2,1,4,8,0,0,1,5,1,2,10,3,10,5,7
1683,1684,9,2,1,4,7,0,0,2,8,0,0,3,7,1,1,8
1684,1685,6,0,0,4,6,0,1,0,2,1,0,6,1,7,8,2
1685,1686,7,1,1,4,9,1,2,3,7,0,0,7,8,6,8,4
1686,1687,1,0,0,4,6,0,0,1,5,1,0,10,6,2,10,5
1687,1688,3,0,0,4,6,1,1,2,1,0,0,3,2,3,5,5
1688,1689,7,1,0,4,2,0,2,0,7,1,0,5,1,10,10,3
1689,1690,10,2,0,4,6,0,0,3,10,0,2,7,2,1,1,9
1690,1691,8,1,1,4,6,0,1,1,2,1,2,5,10,9,4,2
1691,1692,7,1,0,4,10,1,2,2,3,0,0,7,10,1,4,2
1692,1693,7,1,1,4,1,0,0,0,1,1,1,2,8,7,2,2
1693,1694,7,1,0,4,8,1,1,3,5,0,2,9,5,7,1,1
1694,1695,7,1,0,4,10,0,2,1,1,1,0,6,1,6,9,1
1695,1696,1,0,0,4,6,1,0,2,2,0,0,10,2,5,9,3
1696,1697,6,0,0,4,2,0,1,0,3,1,0,9,10,6,3,2
1697,1698,8,1,1,4,5,1,2,3,1,0,0,5,7,3,6,8
1698,1699,0,0,0,4,2,0,0,1,1,1,0,10,3,8,2,2
1699,1700,1,0,0,4,3,1,1,2,7,0,0,2,3,10,5,5
1700,1701,7,1,0,4,3,0,2,0,2,1,0,4,2,10,8,8
1701,1702,3,0,0,4,7,1,0,3,7,0,0,7,7,5,7,4
1702,1703,2,0,0,4,10,0,1,1,5,1,0,1,10,6,2,6
1703,1704,7,1,1,4,4,1,2,2,7,0,0,7,10,6,10,6
1704,1705,5,0,0,4,3,0,0,0,3,1,0,6,2,7,8,5
1705,1706,2,0,0,4,5,1,1,3,6,0,0,9,10,7,6,3
